Item Code,Item Group,Default Unit of Measure,Series,Item Name,Family,Equipment Type,MPPT,NCM,Phase,Package Height (cm),Package Width (cm),Package Depth (cm),Disabled,Allow Alternative Item,Maintain Stock,Has Variants,Opening Stock,Valuation Rate,Standard Selling Rate,Is Fixed Asset,Auto Create Assets on Purchase,Create Grouped Asset,Asset Category,Asset Naming Series,Over Delivery/Receipt Allowance (%),Over Billing Allowance (%),Image,Description,Brand,Shelf Life In Days,End of Life,Default Material Request Type,Valuation Method,Warranty Period (in days),Weight Per Unit,Weight UOM,Allow Negative Stock,Has Batch No,Automatically Create New Batch,Batch Number Series,Has Expiry Date,Retain Sample,Max Sample Quantity,Has Serial No,Serial Number Series,Variant Of,Variant Based On,Enable Deferred Expense,No of Months (Expense),Enable Deferred Revenue,No of Months (Revenue),Default Purchase Unit of Measure,Minimum Order Qty,Safety Stock,Allow Purchase,Lead Time in days,Last Purchase Rate,Is Customer Provided Item,Customer,Delivered by Supplier (Drop Ship),Country of Origin,Customs Tariff Number,Default Sales Unit of Measure,Grant Commission,Allow Sales,Max Discount (%),Inspection Required before Purchase,Quality Inspection Template,Inspection Required before Delivery,Include Item In Manufacturing,Supply Raw Materials for Purchase,Default BOM,Customer Code,Default Item Manufacturer,Default Manufacturer Part No,Total Projected Qty,ID (UOMs),Conversion Factor (UOMs),UOM (UOMs),ID (Barcodes),Barcode (Barcodes),Barcode Type (Barcodes),UOM (Barcodes),ID (Reorder level based on Warehouse),Check in (group) (Reorder level based on Warehouse),Material Request Type (Reorder level based on Warehouse),Re-order Level (Reorder level based on Warehouse),Re-order Qty (Reorder level based on Warehouse),Request for (Reorder level based on Warehouse),ID (Variant Attributes),Attribute (Variant Attributes),Attribute Value (Variant Attributes),Disabled (Variant Attributes),From Range (Variant Attributes),Increment (Variant Attributes),Numeric Values (Variant Attributes),To Range (Variant Attributes),Variant Of (Variant Attributes),ID (Item Defaults),Company (Item Defaults),Default Buying Cost Center (Item Defaults),Default Discount Account (Item Defaults),Default Expense Account (Item Defaults),Default Income Account (Item Defaults),Default Price List (Item Defaults),Default Provisional Account (Item Defaults),Default Selling Cost Center (Item Defaults),Default Supplier (Item Defaults),Default Warehouse (Item Defaults),Deferred Expense Account (Item Defaults),Deferred Revenue Account (Item Defaults),ID (Supplier Items),Supplier (Supplier Items),Supplier Part Number (Supplier Items),ID (Customer Items),Customer Group (Customer Items),Customer Name (Customer Items),Ref Code (Customer Items),ID (Taxes),Item Tax Template (Taxes),Maximum Net Rate (Taxes),Minimum Net Rate (Taxes),Tax Category (Taxes),Valid From (Taxes)
10,Inverter,Unit,,MIN 3000TL-X,MIN,ONGRID,2,85044090.00,Single-Phase,26.00,44.50,45.00,,,,,,4000.0,,,,,,,,,,INVERSOR FOTOVOLTAICO  MIN 3000TL-X,,,,,,,6.0,Kg,,,,,,,,,,,,,,,,,,,,,,,,,,,,,,,,,,,,,,,,,,,,,,,,,,,,,,,,,,,,,,,,,,,,,,,,,,,,,,,,,,,,,,,,
100,Inverter,Unit,,2500MTL-S,MTL-S,ONGRID,,85044090.00,Single-Phase,25.50,43.50,49.50,,,,,,1696.09,,,,,,,,,,INVERSOR FOTOVOLTAICO  2500MTL-S,,,,,,,6.0,Kg,,,,,,,,,,,,,,,,,,,,,,,,,,,,,,,,,,,,,,,,,,,,,,,,,,,,,,,,,,,,,,,,,,,,,,,,,,,,,,,,,,,,,,,,
101,Inverter,Unit,,3000MTL-S,MTL-S,ONGRID,,85044090.00,Single-Phase,25.50,43.50,49.50,,,,,,2019.15,,,,,,,,,,INVERSOR FOTOVOLTAICO  3000MTL-S,,,,,,,6.0,Kg,,,,,,,,,,,,,,,,,,,,,,,,,,,,,,,,,,,,,,,,,,,,,,,,,,,,,,,,,,,,,,,,,,,,,,,,,,,,,,,,,,,,,,,,
102,Inverter,Unit,,3600MTL-S,MTL-S,ONGRID,,85044090.00,Single-Phase,25.50,43.50,49.50,,,,,,2403.75,,,,,,,,,,INVERSOR FOTOVOLTAICO  3600MTL-S,,,,,,,6.0,Kg,,,,,,,,,,,,,,,,,,,,,,,,,,,,,,,,,,,,,,,,,,,,,,,,,,,,,,,,,,,,,,,,,,,,,,,,,,,,,,,,,,,,,,,,
103,Inverter,Unit,,4200MTL-S,MTL-S,ONGRID,,85044090.00,Single-Phase,25.50,43.50,49.50,,,,,,2861.61,,,,,,,,,,INVERSOR FOTOVOLTAICO  4200MTL-S,,,,,,,6.0,Kg,,,,,,,,,,,,,,,,,,,,,,,,,,,,,,,,,,,,,,,,,,,,,,,,,,,,,,,,,,,,,,,,,,,,,,,,,,,,,,,,,,,,,,,,
104,Inverter,Unit,,5000MTL-S,MTL-S,ONGRID,,85044090.00,Single-Phase,25.50,43.50,49.50,,,,,,3406.68,,,,,,,,,,INVERSOR FOTOVOLTAICO  5000MTL-S,,,,,,,6.0,Kg,,,,,,,,,,,,,,,,,,,,,,,,,,,,,,,,,,,,,,,,,,,,,,,,,,,,,,,,,,,,,,,,,,,,,,,,,,,,,,,,,,,,,,,,
105,Inverter,Unit,,5500MTL-S,MTL-S,ONGRID,,85044090.00,Single-Phase,25.50,43.50,49.50,,,,,,4055.57,,,,,,,,,,INVERSOR FOTOVOLTAICO  5500MTL-S,,,,,,,6.0,Kg,,,,,,,,,,,,,,,,,,,,,,,,,,,,,,,,,,,,,,,,,,,,,,,,,,,,,,,,,,,,,,,,,,,,,,,,,,,,,,,,,,,,,,,,
106,Inverter,Unit,,7000MTL-S,MTL-S,ONGRID,2,85044090.00,Single-Phase,25.50,43.50,49.50,,,,,,4828.06,,,,,,,,,,INVERSOR FOTOVOLTAICO  7000MTL-S,,,,,,,6.0,Kg,,,,,,,,,,,,,,,,,,,,,,,,,,,,,,,,,,,,,,,,,,,,,,,,,,,,,,,,,,,,,,,,,,,,,,,,,,,,,,,,,,,,,,,,
107,Inverter,Unit,,8000MTL-S,MTLP-S,ONGRID,2,85044090.00,Single-Phase,25.50,43.50,49.50,,,,,,5747.7,,,,,,,,,,INVERSOR FOTOVOLTAICO  8000MTL-S,,,,,,,6.0,Kg,,,,,,,,,,,,,,,,,,,,,,,,,,,,,,,,,,,,,,,,,,,,,,,,,,,,,,,,,,,,,,,,,,,,,,,,,,,,,,,,,,,,,,,,
108,Inverter,Unit,,8000MTLP-S,MTLP-S,ONGRID,,85044090.00,Single-Phase,25.50,43.50,49.50,,,,,,6842.49,,,,,,,,,,INVERSOR FOTOVOLTAICO  8000MTLP-S,,,,,,,6.0,Kg,,,,,,,,,,,,,,,,,,,,,,,,,,,,,,,,,,,,,,,,,,,,,,,,,,,,,,,,,,,,,,,,,,,,,,,,,,,,,,,,,,,,,,,,
109,Inverter,Unit,,9000MTLP-S,MTLP-S,ONGRID,,85044090.00,Single-Phase,26.00,49.50,53.00,,,,,,8145.83,,,,,,,,,,INVERSOR FOTOVOLTAICO  9000MTLP-S,,,,,,,6.0,Kg,,,,,,,,,,,,,,,,,,,,,,,,,,,,,,,,,,,,,,,,,,,,,,,,,,,,,,,,,,,,,,,,,,,,,,,,,,,,,,,,,,,,,,,,
11,Inverter,Unit,,MIN 3600TL-X,MIN,ONGRID,2,85044090.00,Single-Phase,26.00,44.50,45.00,,,,,,4000.0,,,,,,,,,,INVERSOR FOTOVOLTAICO  MIN 3600TL-X,,,,,,,6.0,Kg,,,,,,,,,,,,,,,,,,,,,,,,,,,,,,,,,,,,,,,,,,,,,,,,,,,,,,,,,,,,,,,,,,,,,,,,,,,,,,,,,,,,,,,,
110,Inverter,Unit,,10500MTLP-S,MTLP-S,ONGRID,,85044090.00,Single-Phase,26.00,49.50,53.00,,,,,,9697.41,,,,,,,,,,INVERSOR FOTOVOLTAICO  10500MTLP-S,,,,,,,6.0,Kg,,,,,,,,,,,,,,,,,,,,,,,,,,,,,,,,,,,,,,,,,,,,,,,,,,,,,,,,,,,,,,,,,,,,,,,,,,,,,,,,,,,,,,,,
111,Inverter,Unit,,3000TL3-S,TL3-S,ONGRID,,85044090.00,Three-Phase,25.50,43.50,49.50,,,,,,6894.14,,,,,,,,,,INVERSOR FOTOVOLTAICO  3000TL3-S,,,,,,,6.0,Kg,,,,,,,,,,,,,,,,,,,,,,,,,,,,,,,,,,,,,,,,,,,,,,,,,,,,,,,,,,,,,,,,,,,,,,,,,,,,,,,,,,,,,,,,
112,Inverter,Unit,,4000TL3-S,TL3-S,ONGRID,,85044090.00,Three-Phase,25.50,43.50,49.50,,,,,,7203.91,,,,,,,,,,INVERSOR FOTOVOLTAICO  4000TL3-S,,,,,,,6.0,Kg,,,,,,,,,,,,,,,,,,,,,,,,,,,,,,,,,,,,,,,,,,,,,,,,,,,,,,,,,,,,,,,,,,,,,,,,,,,,,,,,,,,,,,,,
113,Inverter,Unit,,5000TL3-S,TL3-S,ONGRID,,85044090.00,Three-Phase,25.50,43.50,49.50,,,,,,7527.6,,,,,,,,,,INVERSOR FOTOVOLTAICO  5000TL3-S,,,,,,,6.0,Kg,,,,,,,,,,,,,,,,,,,,,,,,,,,,,,,,,,,,,,,,,,,,,,,,,,,,,,,,,,,,,,,,,,,,,,,,,,,,,,,,,,,,,,,,
114,Inverter,Unit,,6000TL3-S,TL3-S,ONGRID,,85044090.00,Three-Phase,25.50,43.50,49.50,,,,,,7865.83,,,,,,,,,,INVERSOR FOTOVOLTAICO  6000TL3-S,,,,,,,6.0,Kg,,,,,,,,,,,,,,,,,,,,,,,,,,,,,,,,,,,,,,,,,,,,,,,,,,,,,,,,,,,,,,,,,,,,,,,,,,,,,,,,,,,,,,,,
115,Inverter,Unit,,7000TL3-S,TL3-S,ONGRID,2,85044090.00,Three-Phase,25.50,43.50,49.50,,,,,,8219.26,,,,,,,,,,INVERSOR FOTOVOLTAICO  7000TL3-S,,,,,,,6.0,Kg,,,,,,,,,,,,,,,,,,,,,,,,,,,,,,,,,,,,,,,,,,,,,,,,,,,,,,,,,,,,,,,,,,,,,,,,,,,,,,,,,,,,,,,,
116,Inverter,Unit,,8000TL3-S,TL3-S,ONGRID,2,85044090.00,Three-Phase,25.50,43.50,49.50,,,,,,8588.57,,,,,,,,,,INVERSOR FOTOVOLTAICO  8000TL3-S,,,,,,,6.0,Kg,,,,,,,,,,,,,,,,,,,,,,,,,,,,,,,,,,,,,,,,,,,,,,,,,,,,,,,,,,,,,,,,,,,,,,,,,,,,,,,,,,,,,,,,
117,Inverter,Unit,,9000TL3-S,TL3-S,ONGRID,2,85044090.00,Three-Phase,26.00,49.50,53.00,,,,,,8974.47,,,,,,,,,,INVERSOR FOTOVOLTAICO  9000TL3-S,,,,,,,6.0,Kg,,,,,,,,,,,,,,,,,,,,,,,,,,,,,,,,,,,,,,,,,,,,,,,,,,,,,,,,,,,,,,,,,,,,,,,,,,,,,,,,,,,,,,,,
118,Inverter,Unit,,10000TL3-S,TL3-S,ONGRID,2,85044090.00,Three-Phase,26.00,49.50,53.00,,,,,,9377.71,,,,,,,,,,INVERSOR FOTOVOLTAICO  10000TL3-S,,,,,,,6.0,Kg,,,,,,,,,,,,,,,,,,,,,,,,,,,,,,,,,,,,,,,,,,,,,,,,,,,,,,,,,,,,,,,,,,,,,,,,,,,,,,,,,,,,,,,,
119,Inverter,Unit,,10000TL3-S-AU,TL3-S,ONGRID,,85044090.00,Three-Phase,26.00,49.50,53.00,,,,,,9799.07,,,,,,,,,,INVERSOR FOTOVOLTAICO  10000TL3-S-AU,,,,,,,6.0,Kg,,,,,,,,,,,,,,,,,,,,,,,,,,,,,,,,,,,,,,,,,,,,,,,,,,,,,,,,,,,,,,,,,,,,,,,,,,,,,,,,,,,,,,,,
12,Inverter,Unit,,MIN 4200TL-X,MIN,ONGRID,2,85044090.00,Single-Phase,26.00,44.50,45.00,,,,,,6000.0,,,,,,,,,,INVERSOR FOTOVOLTAICO  MIN 4200TL-X,,,,,,,6.0,Kg,,,,,,,,,,,,,,,,,,,,,,,,,,,,,,,,,,,,,,,,,,,,,,,,,,,,,,,,,,,,,,,,,,,,,,,,,,,,,,,,,,,,,,,,
120,Inverter,Unit,,11000TL3-S,TL3-S,ONGRID,2,85044090.00,Three-Phase,26.50,48.00,60.00,,,,,,10239.36,,,,,,,,,,INVERSOR FOTOVOLTAICO  11000TL3-S,,,,,,,6.0,Kg,,,,,,,,,,,,,,,,,,,,,,,,,,,,,,,,,,,,,,,,,,,,,,,,,,,,,,,,,,,,,,,,,,,,,,,,,,,,,,,,,,,,,,,,
121,Inverter,Unit,,12000TL3-S,TL3-S,ONGRID,2,85044090.00,Three-Phase,26.50,48.00,60.00,,,,,,11180.19,,,,,,,,,,INVERSOR FOTOVOLTAICO  12000TL3-S,,,,,,,6.0,Kg,,,,,,,,,,,,,,,,,,,,,,,,,,,,,,,,,,,,,,,,,,,,,,,,,,,,,,,,,,,,,,,,,,,,,,,,,,,,,,,,,,,,,,,,
122,Inverter,Unit,,13000TL3-S,TL3-S,ONGRID,2,85044090.00,Three-Phase,26.50,48.00,60.00,,,,,,11682.53,,,,,,,,,,INVERSOR FOTOVOLTAICO  13000TL3-S,,,,,,,6.0,Kg,,,,,,,,,,,,,,,,,,,,,,,,,,,,,,,,,,,,,,,,,,,,,,,,,,,,,,,,,,,,,,,,,,,,,,,,,,,,,,,,,,,,,,,,
123,Inverter,Unit,,15000TL3-S,TL3-S,ONGRID,2,85044090.00,Three-Phase,26.50,48.00,60.00,,,,,,12207.46,,,,,,,,,,INVERSOR FOTOVOLTAICO  15000TL3-S,,,,,,,6.0,Kg,,,,,,,,,,,,,,,,,,,,,,,,,,,,,,,,,,,,,,,,,,,,,,,,,,,,,,,,,,,,,,,,,,,,,,,,,,,,,,,,,,,,,,,,
124,Inverter,Unit,,17000TL3-S,TL3-S,ONGRID,,85044090.00,Three-Phase,26.50,48.00,60.00,,,,,,12755.96,,,,,,,,,,INVERSOR FOTOVOLTAICO  17000TL3-S,,,,,,,6.0,Kg,,,,,,,,,,,,,,,,,,,,,,,,,,,,,,,,,,,,,,,,,,,,,,,,,,,,,,,,,,,,,,,,,,,,,,,,,,,,,,,,,,,,,,,,
125,Inverter,Unit,,20000TL3-S,TL3-S,ONGRID,,85044090.00,Three-Phase,26.50,48.00,60.00,,,,,,13329.11,,,,,,,,,,INVERSOR FOTOVOLTAICO  20000TL3-S,,,,,,,6.0,Kg,,,,,,,,,,,,,,,,,,,,,,,,,,,,,,,,,,,,,,,,,,,,,,,,,,,,,,,,,,,,,,,,,,,,,,,,,,,,,,,,,,,,,,,,
126,Inverter,Unit,,25000TL3-S,TL3-S,ONGRID,,85044090.00,Three-Phase,26.50,48.00,60.00,,,,,,13928.02,,,,,,,,,,INVERSOR FOTOVOLTAICO  25000TL3-S,,,,,,,6.0,Kg,,,,,,,,,,,,,,,,,,,,,,,,,,,,,,,,,,,,,,,,,,,,,,,,,,,,,,,,,,,,,,,,,,,,,,,,,,,,,,,,,,,,,,,,
127,Inverter,Unit,,30000TL3-S,TL3-S,ONGRID,,85044090.00,Three-Phase,26.50,48.00,60.00,,,,,,14553.83,,,,,,,,,,INVERSOR FOTOVOLTAICO  30000TL3-S,,,,,,,6.0,Kg,,,,,,,,,,,,,,,,,,,,,,,,,,,,,,,,,,,,,,,,,,,,,,,,,,,,,,,,,,,,,,,,,,,,,,,,,,,,,,,,,,,,,,,,
128,Inverter,Unit,,33000TL3-S,TL3-S,ONGRID,,85044090.00,Three-Phase,26.50,48.00,60.00,,,,,,15207.77,,,,,,,,,,INVERSOR FOTOVOLTAICO  33000TL3-S,,,,,,,6.0,Kg,,,,,,,,,,,,,,,,,,,,,,,,,,,,,,,,,,,,,,,,,,,,,,,,,,,,,,,,,,,,,,,,,,,,,,,,,,,,,,,,,,,,,,,,
129,Inverter,Unit,,40000TL3-NS,TL3-S,ONGRID,,85044090.00,Three-Phase,26.50,48.00,60.00,,,,,,15891.08,,,,,,,,,,INVERSOR FOTOVOLTAICO  40000TL3-NS,,,,,,,6.0,Kg,,,,,,,,,,,,,,,,,,,,,,,,,,,,,,,,,,,,,,,,,,,,,,,,,,,,,,,,,,,,,,,,,,,,,,,,,,,,,,,,,,,,,,,,
13,Inverter,Unit,,MIN 4600TL-X,MIN,ONGRID,2,85044090.00,Single-Phase,26.00,44.50,45.00,,,,,,6000.0,,,,,,,,,,INVERSOR FOTOVOLTAICO  MIN 4600TL-X,,,,,,,6.0,Kg,,,,,,,,,,,,,,,,,,,,,,,,,,,,,,,,,,,,,,,,,,,,,,,,,,,,,,,,,,,,,,,,,,,,,,,,,,,,,,,,,,,,,,,,
130,Inverter,Unit,,50000TL3-S,TL3-S,ONGRID,,85044090.00,Three-Phase,26.50,48.00,60.00,,,,,,16485.08,,,,,,,,,,INVERSOR FOTOVOLTAICO  50000TL3-S,,,,,,,6.0,Kg,,,,,,,,,,,,,,,,,,,,,,,,,,,,,,,,,,,,,,,,,,,,,,,,,,,,,,,,,,,,,,,,,,,,,,,,,,,,,,,,,,,,,,,,
131,Inverter,Unit,,15000TL3-SL,TL3-S,ONGRID,,85044090.00,Three-Phase,26.50,48.00,60.00,,,,,,12817.83,,,,,,,,,,INVERSOR FOTOVOLTAICO  15000TL3-SL,,,,,,,6.0,Kg,,,,,,,,,,,,,,,,,,,,,,,,,,,,,,,,,,,,,,,,,,,,,,,,,,,,,,,,,,,,,,,,,,,,,,,,,,,,,,,,,,,,,,,,
132,Inverter,Unit,,20000TL3-SL,TL3-S,ONGRID,,85044090.00,Three-Phase,26.50,48.00,60.00,,,,,,13393.76,,,,,,,,,,INVERSOR FOTOVOLTAICO  20000TL3-SL,,,,,,,6.0,Kg,,,,,,,,,,,,,,,,,,,,,,,,,,,,,,,,,,,,,,,,,,,,,,,,,,,,,,,,,,,,,,,,,,,,,,,,,,,,,,,,,,,,,,,,
133,Inverter,Unit,,22000TL3-SL,TL3-S,ONGRID,,85044090.00,Three-Phase,26.50,48.00,60.00,,,,,,13995.57,,,,,,,,,,INVERSOR FOTOVOLTAICO  22000TL3-SL,,,,,,,6.0,Kg,,,,,,,,,,,,,,,,,,,,,,,,,,,,,,,,,,,,,,,,,,,,,,,,,,,,,,,,,,,,,,,,,,,,,,,,,,,,,,,,,,,,,,,,
134,Inverter,Unit,,SPF 4000 T DVM,SPF,OFFGRID,,85044090.00,Single-Phase,22.00,41.50,61.00,,,,,,4125.0,,,,,,,,,,INVERSOR FOTOVOLTAICO  SPF 4000 T DVM,,,,,,,6.0,Kg,,,,,,,,,,,,,,,,,,,,,,,,,,,,,,,,,,,,,,,,,,,,,,,,,,,,,,,,,,,,,,,,,,,,,,,,,,,,,,,,,,,,,,,,
135,Inverter,Unit,,SPF 5000 T DVM,SPF,OFFGRID,,85044090.00,Single-Phase,22.00,41.50,61.00,,,,,,4743.75,,,,,,,,,,INVERSOR FOTOVOLTAICO  SPF 5000 T DVM,,,,,,,6.0,Kg,,,,,,,,,,,,,,,,,,,,,,,,,,,,,,,,,,,,,,,,,,,,,,,,,,,,,,,,,,,,,,,,,,,,,,,,,,,,,,,,,,,,,,,,
136,Inverter,Unit,,SPF 6000T DVM,SPF,OFFGRID,,85044090.00,Single-Phase,22.00,41.50,61.00,,,,,,5455.31,,,,,,,,,,INVERSOR FOTOVOLTAICO  SPF 6000T DVM,,,,,,,6.0,Kg,,,,,,,,,,,,,,,,,,,,,,,,,,,,,,,,,,,,,,,,,,,,,,,,,,,,,,,,,,,,,,,,,,,,,,,,,,,,,,,,,,,,,,,,
137,Inverter,Unit,,SPF 8000 T DVM,SPF,OFFGRID,,85044090.00,Single-Phase,26.50,48.00,65.00,,,,,,6273.61,,,,,,,,,,INVERSOR FOTOVOLTAICO  SPF 8000 T DVM,,,,,,,6.0,Kg,,,,,,,,,,,,,,,,,,,,,,,,,,,,,,,,,,,,,,,,,,,,,,,,,,,,,,,,,,,,,,,,,,,,,,,,,,,,,,,,,,,,,,,,
138,Inverter,Unit,,SPF 10000 T DVM,SPF,OFFGRID,,85044090.00,Single-Phase,26.50,48.00,65.00,,,,,,7214.65,,,,,,,,,,INVERSOR FOTOVOLTAICO  SPF 10000 T DVM,,,,,,,6.0,Kg,,,,,,,,,,,,,,,,,,,,,,,,,,,,,,,,,,,,,,,,,,,,,,,,,,,,,,,,,,,,,,,,,,,,,,,,,,,,,,,,,,,,,,,,
139,Inverter,Unit,,SPF 12000 T DVM,SPF,OFFGRID,,85044090.00,Single-Phase,26.50,48.00,65.00,,,,,,8296.85,,,,,,,,,,INVERSOR FOTOVOLTAICO  SPF 12000 T DVM,,,,,,,6.0,Kg,,,,,,,,,,,,,,,,,,,,,,,,,,,,,,,,,,,,,,,,,,,,,,,,,,,,,,,,,,,,,,,,,,,,,,,,,,,,,,,,,,,,,,,,
14,Inverter,Unit,,MIN 5000TL-X,MIN,ONGRID,2,85044090.00,Single-Phase,26.00,44.50,45.00,,,,,,6000.0,,,,,,,,,,INVERSOR FOTOVOLTAICO  MIN 5000TL-X,,,,,,,6.0,Kg,,,,,,,,,,,,,,,,,,,,,,,,,,,,,,,,,,,,,,,,,,,,,,,,,,,,,,,,,,,,,,,,,,,,,,,,,,,,,,,,,,,,,,,,
140,Inverter,Unit,,SPF 4000T DVM-MPV,SPF,OFFGRID,,85044090.00,Single-Phase,22.00,41.50,61.00,,,,,,4125.0,,,,,,,,,,INVERSOR FOTOVOLTAICO  SPF 4000T DVM-MPV,,,,,,,6.0,Kg,,,,,,,,,,,,,,,,,,,,,,,,,,,,,,,,,,,,,,,,,,,,,,,,,,,,,,,,,,,,,,,,,,,,,,,,,,,,,,,,,,,,,,,,
141,Inverter,Unit,,SPF 5000T DVM-MPV,SPF,OFFGRID,,85044090.00,Single-Phase,22.00,41.50,61.00,,,,,,4743.75,,,,,,,,,,INVERSOR FOTOVOLTAICO  SPF 5000T DVM-MPV,,,,,,,6.0,Kg,,,,,,,,,,,,,,,,,,,,,,,,,,,,,,,,,,,,,,,,,,,,,,,,,,,,,,,,,,,,,,,,,,,,,,,,,,,,,,,,,,,,,,,,
142,Inverter,Unit,,SPF 6000T DVM-MPV,SPF,OFFGRID,1,85044090.00,Single-Phase,22.00,41.50,61.00,,,,,,5455.31,,,,,,,,,,INVERSOR FOTOVOLTAICO  SPF 6000T DVM-MPV,,,,,,,6.0,Kg,,,,,,,,,,,,,,,,,,,,,,,,,,,,,,,,,,,,,,,,,,,,,,,,,,,,,,,,,,,,,,,,,,,,,,,,,,,,,,,,,,,,,,,,
143,Inverter,Unit,,SPF 8000T DVM-MPV,SPF,OFFGRID,,85044090.00,Single-Phase,26.50,48.00,65.00,,,,,,6273.61,,,,,,,,,,INVERSOR FOTOVOLTAICO  SPF 8000T DVM-MPV,,,,,,,6.0,Kg,,,,,,,,,,,,,,,,,,,,,,,,,,,,,,,,,,,,,,,,,,,,,,,,,,,,,,,,,,,,,,,,,,,,,,,,,,,,,,,,,,,,,,,,
144,Inverter,Unit,,SPF 10000T DVM-MPV,SPF,OFFGRID,,85044090.00,Single-Phase,26.50,48.00,65.00,,,,,,7214.65,,,,,,,,,,INVERSOR FOTOVOLTAICO  SPF 10000T DVM-MPV,,,,,,,6.0,Kg,,,,,,,,,,,,,,,,,,,,,,,,,,,,,,,,,,,,,,,,,,,,,,,,,,,,,,,,,,,,,,,,,,,,,,,,,,,,,,,,,,,,,,,,
145,Inverter,Unit,,SPF 12000T DVM-MPV,SPF,OFFGRID,2,85044090.00,Single-Phase,26.50,48.00,65.00,,,,,,8296.85,,,,,,,,,,INVERSOR FOTOVOLTAICO  SPF 12000T DVM-MPV,,,,,,,6.0,Kg,,,,,,,,,,,,,,,,,,,,,,,,,,,,,,,,,,,,,,,,,,,,,,,,,,,,,,,,,,,,,,,,,,,,,,,,,,,,,,,,,,,,,,,,
146,Inverter,Unit,,SPF 3000T HVM-G2,SPF,OFFGRID,1,85044090.00,Single-Phase,26.50,48.00,65.00,,,,,,8296.85,,,,,,,,,,INVERSOR FOTOVOLTAICO  SPF 3000T HVM-G2,,,,,,,6.0,Kg,,,,,,,,,,,,,,,,,,,,,,,,,,,,,,,,,,,,,,,,,,,,,,,,,,,,,,,,,,,,,,,,,,,,,,,,,,,,,,,,,,,,,,,,
147,Inverter,Unit,,SPF 3500TL HVM-PRO,SPF,OFFGRID,1,85044090.00,Single-Phase,26.50,48.00,65.00,,,,,,8296.85,,,,,,,,,,INVERSOR FOTOVOLTAICO  SPF 3500TL HVM-PRO,,,,,,,6.0,Kg,,,,,,,,,,,,,,,,,,,,,,,,,,,,,,,,,,,,,,,,,,,,,,,,,,,,,,,,,,,,,,,,,,,,,,,,,,,,,,,,,,,,,,,,
148,Inverter,Unit,,SPF 5000TL HVM-PRO,SPF,OFFGRID,1,85044090.00,Single-Phase,26.50,48.00,65.00,,,,,,8296.85,,,,,,,,,,INVERSOR FOTOVOLTAICO  SPF 5000TL HVM-PRO,,,,,,,6.0,Kg,,,,,,,,,,,,,,,,,,,,,,,,,,,,,,,,,,,,,,,,,,,,,,,,,,,,,,,,,,,,,,,,,,,,,,,,,,,,,,,,,,,,,,,,
149,Inverter,Unit,,SPF 6000T HVM-G2,SPF,OFFGRID,2,85044090.00,Single-Phase,26.50,48.00,65.00,,,,,,8296.85,,,,,,,,,,INVERSOR FOTOVOLTAICO  SPF 6000T HVM-G2,,,,,,,6.0,Kg,,,,,,,,,,,,,,,,,,,,,,,,,,,,,,,,,,,,,,,,,,,,,,,,,,,,,,,,,,,,,,,,,,,,,,,,,,,,,,,,,,,,,,,,
15,Inverter,Unit,,MIN 6000TL-X,MIN,ONGRID,2,85044090.00,Single-Phase,26.00,44.50,45.00,,,,,,6500.0,,,,,,,,,,INVERSOR FOTOVOLTAICO  MIN 6000TL-X,,,,,,,6.0,Kg,,,,,,,,,,,,,,,,,,,,,,,,,,,,,,,,,,,,,,,,,,,,,,,,,,,,,,,,,,,,,,,,,,,,,,,,,,,,,,,,,,,,,,,,
150,Inverter,Unit,,SPF 4000T HVM,SPF,OFFGRID,1,85044090.00,Single-Phase,22.00,41.50,61.00,,,,,,4125.0,,,,,,,,,,INVERSOR FOTOVOLTAICO  SPF 4000T HVM,,,,,,,6.0,Kg,,,,,,,,,,,,,,,,,,,,,,,,,,,,,,,,,,,,,,,,,,,,,,,,,,,,,,,,,,,,,,,,,,,,,,,,,,,,,,,,,,,,,,,,
151,Inverter,Unit,,SPF 5000T HVM,SPF,OFFGRID,1,85044090.00,Single-Phase,22.00,41.50,61.00,,,,,,4743.75,,,,,,,,,,INVERSOR FOTOVOLTAICO  SPF 5000T HVM,,,,,,,6.0,Kg,,,,,,,,,,,,,,,,,,,,,,,,,,,,,,,,,,,,,,,,,,,,,,,,,,,,,,,,,,,,,,,,,,,,,,,,,,,,,,,,,,,,,,,,
152,Inverter,Unit,,SPF 6000T HVM,SPF,OFFGRID,1,85044090.00,Single-Phase,22.00,41.50,61.00,,,,,,5455.31,,,,,,,,,,INVERSOR FOTOVOLTAICO  SPF 6000T HVM,,,,,,,6.0,Kg,,,,,,,,,,,,,,,,,,,,,,,,,,,,,,,,,,,,,,,,,,,,,,,,,,,,,,,,,,,,,,,,,,,,,,,,,,,,,,,,,,,,,,,,
153,Inverter,Unit,,SPF 8000T HVM,SPF,OFFGRID,2,85044090.00,Single-Phase,26.50,48.00,65.00,,,,,,6273.61,,,,,,,,,,INVERSOR FOTOVOLTAICO  SPF 8000T HVM,,,,,,,6.0,Kg,,,,,,,,,,,,,,,,,,,,,,,,,,,,,,,,,,,,,,,,,,,,,,,,,,,,,,,,,,,,,,,,,,,,,,,,,,,,,,,,,,,,,,,,
154,Inverter,Unit,,SPF 10000T HVM,SPF,OFFGRID,2,85044090.00,Single-Phase,26.50,48.00,65.00,,,,,,7214.65,,,,,,,,,,INVERSOR FOTOVOLTAICO  SPF 10000T HVM,,,,,,,6.0,Kg,,,,,,,,,,,,,,,,,,,,,,,,,,,,,,,,,,,,,,,,,,,,,,,,,,,,,,,,,,,,,,,,,,,,,,,,,,,,,,,,,,,,,,,,
155,Inverter,Unit,,SPF 12000T HVM,SPF,OFFGRID,2,85044090.00,Single-Phase,26.50,48.00,65.00,,,,,,8296.85,,,,,,,,,,INVERSOR FOTOVOLTAICO  SPF 12000T HVM,,,,,,,6.0,Kg,,,,,,,,,,,,,,,,,,,,,,,,,,,,,,,,,,,,,,,,,,,,,,,,,,,,,,,,,,,,,,,,,,,,,,,,,,,,,,,,,,,,,,,,
156,Inverter,Unit,,SPF 3500 ES,SPF,OFFGRID,1,85044090.00,Single-Phase,22.00,43.50,58.00,,,,,,4501.18,,,,,,,,,,INVERSOR FOTOVOLTAICO  SPF 3500 ES,,,,,,,6.0,Kg,,,,,,,,,,,,,,,,,,,,,,,,,,,,,,,,,,,,,,,,,,,,,,,,,,,,,,,,,,,,,,,,,,,,,,,,,,,,,,,,,,,,,,,,
157,Inverter,Unit,,SPF 5000 ES,SPF,OFFGRID,1,85044090.00,Single-Phase,22.00,43.50,58.00,,,,,,5401.42,,,,,,,,,,INVERSOR FOTOVOLTAICO  SPF 5000 ES,,,,,,,6.0,Kg,,,,,,,,,,,,,,,,,,,,,,,,,,,,,,,,,,,,,,,,,,,,,,,,,,,,,,,,,,,,,,,,,,,,,,,,,,,,,,,,,,,,,,,,
158,Inverter,Unit,,SPF 6000 ES PLUS,SPF,OFFGRID,2,85044090.00,Single-Phase,22.00,43.50,58.00,,,,,,5401.42,,,,,,,,,,INVERSOR FOTOVOLTAICO  SPF 6000 ES PLUS,,,,,,,6.0,Kg,,,,,,,,,,,,,,,,,,,,,,,,,,,,,,,,,,,,,,,,,,,,,,,,,,,,,,,,,,,,,,,,,,,,,,,,,,,,,,,,,,,,,,,,
159,Inverter,Unit,,SPF 3000 TL LVM-ES,SPF,OFFGRID,1,85044090.00,Single-Phase,22.00,43.50,58.00,,,,,,3219.51,,,,,,,,,,INVERSOR FOTOVOLTAICO  SPF 3000 TL LVM-ES,,,,,,,6.0,Kg,,,,,,,,,,,,,,,,,,,,,,,,,,,,,,,,,,,,,,,,,,,,,,,,,,,,,,,,,,,,,,,,,,,,,,,,,,,,,,,,,,,,,,,,
16,Inverter,Unit,,MIN 7000TL-X,MIN,ONGRID,2,85044090.00,Single-Phase,26.00,49.50,53.00,,,,,,6500.0,,,,,,,,,,INVERSOR FOTOVOLTAICO  MIN 7000TL-X,,,,,,,6.0,Kg,,,,,,,,,,,,,,,,,,,,,,,,,,,,,,,,,,,,,,,,,,,,,,,,,,,,,,,,,,,,,,,,,,,,,,,,,,,,,,,,,,,,,,,,
160,Inverter,Unit,,SPF 3000TL LVM-24P,SPF,OFFGRID,1,85044090.00,Single-Phase,22.00,43.50,58.00,,,,,,3258.15,,,,,,,,,,INVERSOR FOTOVOLTAICO  SPF 3000TL LVM-24P,,,,,,,6.0,Kg,,,,,,,,,,,,,,,,,,,,,,,,,,,,,,,,,,,,,,,,,,,,,,,,,,,,,,,,,,,,,,,,,,,,,,,,,,,,,,,,,,,,,,,,
161,Inverter,Unit,,SPF 3000 TL LVM-48P,SPF,OFFGRID,1,85044090.00,Single-Phase,22.00,43.50,58.00,,,,,,3297.24,,,,,,,,,,INVERSOR FOTOVOLTAICO  SPF 3000 TL LVM-48P,,,,,,,6.0,Kg,,,,,,,,,,,,,,,,,,,,,,,,,,,,,,,,,,,,,,,,,,,,,,,,,,,,,,,,,,,,,,,,,,,,,,,,,,,,,,,,,,,,,,,,
162,Inverter,Unit,,SPF 2000TL HVM-24,SPF,OFFGRID,1,85044090.00,Single-Phase,22.00,43.50,58.00,,,,,,3336.81,,,,,,,,,,INVERSOR FOTOVOLTAICO  SPF 2000TL HVM-24,,,,,,,6.0,Kg,,,,,,,,,,,,,,,,,,,,,,,,,,,,,,,,,,,,,,,,,,,,,,,,,,,,,,,,,,,,,,,,,,,,,,,,,,,,,,,,,,,,,,,,
163,Inverter,Unit,,SPF 2000TL HVM-48,SPF,OFFGRID,1,85044090.00,Single-Phase,22.00,43.50,58.00,,,,,,3376.85,,,,,,,,,,INVERSOR FOTOVOLTAICO  SPF 2000TL HVM-48,,,,,,,6.0,Kg,,,,,,,,,,,,,,,,,,,,,,,,,,,,,,,,,,,,,,,,,,,,,,,,,,,,,,,,,,,,,,,,,,,,,,,,,,,,,,,,,,,,,,,,
164,Inverter,Unit,,SPF 3000TL HVM-24,SPF,OFFGRID,1,85044090.00,Single-Phase,22.00,43.50,58.00,,,,,,3417.38,,,,,,,,,,INVERSOR FOTOVOLTAICO  SPF 3000TL HVM-24,,,,,,,6.0,Kg,,,,,,,,,,,,,,,,,,,,,,,,,,,,,,,,,,,,,,,,,,,,,,,,,,,,,,,,,,,,,,,,,,,,,,,,,,,,,,,,,,,,,,,,
165,Inverter,Unit,,SPF 3000TL HVM-48,SPF,OFFGRID,1,85044090.00,Single-Phase,22.00,43.50,58.00,,,,,,3458.38,,,,,,,,,,INVERSOR FOTOVOLTAICO  SPF 3000TL HVM-48,,,,,,,6.0,Kg,,,,,,,,,,,,,,,,,,,,,,,,,,,,,,,,,,,,,,,,,,,,,,,,,,,,,,,,,,,,,,,,,,,,,,,,,,,,,,,,,,,,,,,,
166,Inverter,Unit,,SPF 4000 TL HVM,SPF,OFFGRID,,85044090.00,Single-Phase,22.00,41.50,61.00,,,,,,3811.14,,,,,,,,,,INVERSOR FOTOVOLTAICO  SPF 4000 TL HVM,,,,,,,6.0,Kg,,,,,,,,,,,,,,,,,,,,,,,,,,,,,,,,,,,,,,,,,,,,,,,,,,,,,,,,,,,,,,,,,,,,,,,,,,,,,,,,,,,,,,,,
167,Inverter,Unit,,SPF 4000 TL HVM-P,SPF,OFFGRID,,85044090.00,Single-Phase,22.00,41.50,61.00,,,,,,4199.88,,,,,,,,,,INVERSOR FOTOVOLTAICO  SPF 4000 TL HVM-P,,,,,,,6.0,Kg,,,,,,,,,,,,,,,,,,,,,,,,,,,,,,,,,,,,,,,,,,,,,,,,,,,,,,,,,,,,,,,,,,,,,,,,,,,,,,,,,,,,,,,,
168,Inverter,Unit,,SPF 5000 TL HVM,SPF,OFFGRID,,85044090.00,Single-Phase,22.00,41.50,61.00,,,,,,4628.26,,,,,,,,,,INVERSOR FOTOVOLTAICO  SPF 5000 TL HVM,,,,,,,6.0,Kg,,,,,,,,,,,,,,,,,,,,,,,,,,,,,,,,,,,,,,,,,,,,,,,,,,,,,,,,,,,,,,,,,,,,,,,,,,,,,,,,,,,,,,,,
169,Inverter,Unit,,SPF 5000 TL HVM-P,SPF,OFFGRID,,85044090.00,Single-Phase,22.00,41.50,61.00,,,,,,5100.35,,,,,,,,,,INVERSOR FOTOVOLTAICO  SPF 5000 TL HVM-P,,,,,,,6.0,Kg,,,,,,,,,,,,,,,,,,,,,,,,,,,,,,,,,,,,,,,,,,,,,,,,,,,,,,,,,,,,,,,,,,,,,,,,,,,,,,,,,,,,,,,,
17,Inverter,Unit,,MIN 8000TL-X,MIN,ONGRID,2,85044090.00,Single-Phase,26.00,49.50,53.00,,,,,,7500.0,,,,,,,,,,INVERSOR FOTOVOLTAICO  MIN 8000TL-X,,,,,,,6.0,Kg,,,,,,,,,,,,,,,,,,,,,,,,,,,,,,,,,,,,,,,,,,,,,,,,,,,,,,,,,,,,,,,,,,,,,,,,,,,,,,,,,,,,,,,,
170,Inverter,Unit,,SPF 2000 TL HVP-24,SPF,OFFGRID,,85044090.00,Single-Phase,22.00,43.50,58.00,,,,,,5620.58,,,,,,,,,,INVERSOR FOTOVOLTAICO  SPF 2000 TL HVP-24,,,,,,,6.0,Kg,,,,,,,,,,,,,,,,,,,,,,,,,,,,,,,,,,,,,,,,,,,,,,,,,,,,,,,,,,,,,,,,,,,,,,,,,,,,,,,,,,,,,,,,
171,Inverter,Unit,,SPF 2000 TL HVP-48,SPF,OFFGRID,,85044090.00,Single-Phase,22.00,43.50,58.00,,,,,,6193.88,,,,,,,,,,INVERSOR FOTOVOLTAICO  SPF 2000 TL HVP-48,,,,,,,6.0,Kg,,,,,,,,,,,,,,,,,,,,,,,,,,,,,,,,,,,,,,,,,,,,,,,,,,,,,,,,,,,,,,,,,,,,,,,,,,,,,,,,,,,,,,,,
172,Inverter,Unit,,SPF 3000 TL HVP-24,SPF,OFFGRID,,85044090.00,Single-Phase,22.00,43.50,58.00,,,,,,6825.66,,,,,,,,,,INVERSOR FOTOVOLTAICO  SPF 3000 TL HVP-24,,,,,,,6.0,Kg,,,,,,,,,,,,,,,,,,,,,,,,,,,,,,,,,,,,,,,,,,,,,,,,,,,,,,,,,,,,,,,,,,,,,,,,,,,,,,,,,,,,,,,,
173,Inverter,Unit,,SPF 3000 TL HVP-48,SPF,OFFGRID,,85044090.00,Single-Phase,22.00,43.50,58.00,,,,,,7521.87,,,,,,,,,,INVERSOR FOTOVOLTAICO  SPF 3000 TL HVP-48,,,,,,,6.0,Kg,,,,,,,,,,,,,,,,,,,,,,,,,,,,,,,,,,,,,,,,,,,,,,,,,,,,,,,,,,,,,,,,,,,,,,,,,,,,,,,,,,,,,,,,
174,Inverter,Unit,,SPF 5000 TL HVM-WPV,SPF,OFFGRID,1,85044090.00,Single-Phase,22.00,41.50,61.00,,,,,,8289.1,,,,,,,,,,INVERSOR FOTOVOLTAICO  SPF 5000 TL HVM-WPV,,,,,,,6.0,Kg,,,,,,,,,,,,,,,,,,,,,,,,,,,,,,,,,,,,,,,,,,,,,,,,,,,,,,,,,,,,,,,,,,,,,,,,,,,,,,,,,,,,,,,,
175,Inverter,Unit,,SPF 5000TL HVM-WPV-P,SPF,OFFGRID,1,85044090.00,Single-Phase,22.00,41.50,61.00,,,,,,9134.59,,,,,,,,,,INVERSOR FOTOVOLTAICO  SPF 5000TL HVM-WPV-P,,,,,,,6.0,Kg,,,,,,,,,,,,,,,,,,,,,,,,,,,,,,,,,,,,,,,,,,,,,,,,,,,,,,,,,,,,,,,,,,,,,,,,,,,,,,,,,,,,,,,,
176,Inverter,Unit,,SPF 5000TL HVM/HVM-P,SPF,OFFGRID,1,85044090.00,Single-Phase,22.00,41.50,61.00,,,,,,10066.32,,,,,,,,,,INVERSOR FOTOVOLTAICO  SPF 5000TL HVM/HVM-P,,,,,,,6.0,Kg,,,,,,,,,,,,,,,,,,,,,,,,,,,,,,,,,,,,,,,,,,,,,,,,,,,,,,,,,,,,,,,,,,,,,,,,,,,,,,,,,,,,,,,,
177,Inverter,Unit,,SPH 10000TL,SPF,OFFGRID,3,85044090.00,Single-Phase,26.00,44.50,45.00,,,,,,10066.32,,,,,,,,,,INVERSOR FOTOVOLTAICO  SPH 10000TL,,,,,,,6.0,Kg,,,,,,,,,,,,,,,,,,,,,,,,,,,,,,,,,,,,,,,,,,,,,,,,,,,,,,,,,,,,,,,,,,,,,,,,,,,,,,,,,,,,,,,,
178,Inverter,Unit,,MIC 1000TL-X2,MIC,ONGRID,1,85044090.00,Single-Phase,19.50,32.00,42.00,,,,,,2500.0,,,,,,,,,,INVERSOR FOTOVOLTAICO  MIC 1000TL-X2,,,,,,,6.0,Kg,,,,,,,,,,,,,,,,,,,,,,,,,,,,,,,,,,,,,,,,,,,,,,,,,,,,,,,,,,,,,,,,,,,,,,,,,,,,,,,,,,,,,,,,
179,Inverter,Unit,,MIC 1500TL-X2,MIC,ONGRID,1,85044090.00,Single-Phase,19.50,32.00,42.00,,,,,,3500.0,,,,,,,,,,INVERSOR FOTOVOLTAICO  MIC 1500TL-X2,,,,,,,6.0,Kg,,,,,,,,,,,,,,,,,,,,,,,,,,,,,,,,,,,,,,,,,,,,,,,,,,,,,,,,,,,,,,,,,,,,,,,,,,,,,,,,,,,,,,,,
18,Inverter,Unit,,MIN 9000TL-X,MIN,ONGRID,3,85044090.00,Single-Phase,26.00,49.50,53.00,,,,,,6500.0,,,,,,,,,,INVERSOR FOTOVOLTAICO  MIN 9000TL-X,,,,,,,6.0,Kg,,,,,,,,,,,,,,,,,,,,,,,,,,,,,,,,,,,,,,,,,,,,,,,,,,,,,,,,,,,,,,,,,,,,,,,,,,,,,,,,,,,,,,,,
180,Inverter,Unit,,MIC 2000TL-X2,MIC,ONGRID,1,85044090.00,Single-Phase,19.50,32.00,42.00,,,,,,3500.0,,,,,,,,,,INVERSOR FOTOVOLTAICO  MIC 2000TL-X2,,,,,,,6.0,Kg,,,,,,,,,,,,,,,,,,,,,,,,,,,,,,,,,,,,,,,,,,,,,,,,,,,,,,,,,,,,,,,,,,,,,,,,,,,,,,,,,,,,,,,,
181,Inverter,Unit,,MIC 2500TL-X2,MIC,ONGRID,1,85044090.00,Single-Phase,19.50,32.00,42.00,,,,,,3500.0,,,,,,,,,,INVERSOR FOTOVOLTAICO  MIC 2500TL-X2,,,,,,,6.0,Kg,,,,,,,,,,,,,,,,,,,,,,,,,,,,,,,,,,,,,,,,,,,,,,,,,,,,,,,,,,,,,,,,,,,,,,,,,,,,,,,,,,,,,,,,
182,Inverter,Unit,,MIC 3000TL-X2,MIC,ONGRID,1,85044090.00,Single-Phase,19.50,32.00,42.00,,,,,,3500.0,,,,,,,,,,INVERSOR FOTOVOLTAICO  MIC 3000TL-X2,,,,,,,6.0,Kg,,,,,,,,,,,,,,,,,,,,,,,,,,,,,,,,,,,,,,,,,,,,,,,,,,,,,,,,,,,,,,,,,,,,,,,,,,,,,,,,,,,,,,,,
183,Inverter,Unit,,MIC 3300TL-X2,MIC,ONGRID,1,85044090.00,Single-Phase,19.50,32.00,42.00,,,,,,3500.0,,,,,,,,,,INVERSOR FOTOVOLTAICO  MIC 3300TL-X2,,,,,,,6.0,Kg,,,,,,,,,,,,,,,,,,,,,,,,,,,,,,,,,,,,,,,,,,,,,,,,,,,,,,,,,,,,,,,,,,,,,,,,,,,,,,,,,,,,,,,,
184,Inverter,Unit,,MID 30KTL3-X2,MID,ONGRID,3,85044090.00,Three-Phase,26.50,48.00,60.00,,,,,,17000.0,,,,,,,,,,INVERSOR FOTOVOLTAICO  MID 30KTL3-X2,,,,,,,6.0,Kg,,,,,,,,,,,,,,,,,,,,,,,,,,,,,,,,,,,,,,,,,,,,,,,,,,,,,,,,,,,,,,,,,,,,,,,,,,,,,,,,,,,,,,,,
185,Inverter,Unit,,MID 40KTL3-X2,MID,ONGRID,4,85044090.00,Three-Phase,26.50,48.00,60.00,,,,,,17000.0,,,,,,,,,,INVERSOR FOTOVOLTAICO  MID 40KTL3-X2,,,,,,,6.0,Kg,,,,,,,,,,,,,,,,,,,,,,,,,,,,,,,,,,,,,,,,,,,,,,,,,,,,,,,,,,,,,,,,,,,,,,,,,,,,,,,,,,,,,,,,
186,Inverter,Unit,,MID 50KTL3-X2,MID,ONGRID,4,85044090.00,Three-Phase,26.50,48.00,60.00,,,,,,19000.0,,,,,,,,,,INVERSOR FOTOVOLTAICO  MID 50KTL3-X2,,,,,,,6.0,Kg,,,,,,,,,,,,,,,,,,,,,,,,,,,,,,,,,,,,,,,,,,,,,,,,,,,,,,,,,,,,,,,,,,,,,,,,,,,,,,,,,,,,,,,,
187,Inverter,Unit,,MIN 10000TL-X2,MIN,ONGRID,3,85044090.00,Single-Phase,26.00,44.50,45.00,,,,,,4000.0,,,,,,,,,,INVERSOR FOTOVOLTAICO  MIN 10000TL-X2,,,,,,,6.0,Kg,,,,,,,,,,,,,,,,,,,,,,,,,,,,,,,,,,,,,,,,,,,,,,,,,,,,,,,,,,,,,,,,,,,,,,,,,,,,,,,,,,,,,,,,
188,Inverter,Unit,,MIN 2500TL-X2,MIN,ONGRID,2,85044090.00,Single-Phase,26.00,44.50,45.00,,,,,,4000.0,,,,,,,,,,INVERSOR FOTOVOLTAICO  MIN 2500TL-X2,,,,,,,6.0,Kg,,,,,,,,,,,,,,,,,,,,,,,,,,,,,,,,,,,,,,,,,,,,,,,,,,,,,,,,,,,,,,,,,,,,,,,,,,,,,,,,,,,,,,,,
189,Inverter,Unit,,MIN 3000TL-X2,MIN,ONGRID,2,85044090.00,Single-Phase,26.00,44.50,45.00,,,,,,6000.0,,,,,,,,,,INVERSOR FOTOVOLTAICO  MIN 3000TL-X2,,,,,,,6.0,Kg,,,,,,,,,,,,,,,,,,,,,,,,,,,,,,,,,,,,,,,,,,,,,,,,,,,,,,,,,,,,,,,,,,,,,,,,,,,,,,,,,,,,,,,,
19,Inverter,Unit,,MIN 10000TL-X,MIN,ONGRID,3,85044090.00,Single-Phase,26.00,49.50,53.00,,,,,,7500.0,,,,,,,,,,INVERSOR FOTOVOLTAICO  MIN 10000TL-X,,,,,,,6.0,Kg,,,,,,,,,,,,,,,,,,,,,,,,,,,,,,,,,,,,,,,,,,,,,,,,,,,,,,,,,,,,,,,,,,,,,,,,,,,,,,,,,,,,,,,,
190,Inverter,Unit,,MIN 3600TL-X2,MIN,ONGRID,2,85044090.00,Single-Phase,26.00,44.50,45.00,,,,,,6000.0,,,,,,,,,,INVERSOR FOTOVOLTAICO  MIN 3600TL-X2,,,,,,,6.0,Kg,,,,,,,,,,,,,,,,,,,,,,,,,,,,,,,,,,,,,,,,,,,,,,,,,,,,,,,,,,,,,,,,,,,,,,,,,,,,,,,,,,,,,,,,
191,Inverter,Unit,,MIN 4200TL-X2,MIN,ONGRID,2,85044090.00,Single-Phase,26.00,44.50,45.00,,,,,,6500.0,,,,,,,,,,INVERSOR FOTOVOLTAICO  MIN 4200TL-X2,,,,,,,6.0,Kg,,,,,,,,,,,,,,,,,,,,,,,,,,,,,,,,,,,,,,,,,,,,,,,,,,,,,,,,,,,,,,,,,,,,,,,,,,,,,,,,,,,,,,,,
192,Inverter,Unit,,MIN 4600TL-X2,MIN,ONGRID,2,85044090.00,Single-Phase,26.00,49.50,53.00,,,,,,6500.0,,,,,,,,,,INVERSOR FOTOVOLTAICO  MIN 4600TL-X2,,,,,,,6.0,Kg,,,,,,,,,,,,,,,,,,,,,,,,,,,,,,,,,,,,,,,,,,,,,,,,,,,,,,,,,,,,,,,,,,,,,,,,,,,,,,,,,,,,,,,,
193,Inverter,Unit,,MIN 5000TL-X2,MIN,ONGRID,2,85044090.00,Single-Phase,26.00,49.50,53.00,,,,,,6500.0,,,,,,,,,,INVERSOR FOTOVOLTAICO  MIN 5000TL-X2,,,,,,,6.0,Kg,,,,,,,,,,,,,,,,,,,,,,,,,,,,,,,,,,,,,,,,,,,,,,,,,,,,,,,,,,,,,,,,,,,,,,,,,,,,,,,,,,,,,,,,
194,Inverter,Unit,,MIN 6000TL-X2,MIN,ONGRID,2,85044090.00,Single-Phase,26.00,49.50,53.00,,,,,,6500.0,,,,,,,,,,INVERSOR FOTOVOLTAICO  MIN 6000TL-X2,,,,,,,6.0,Kg,,,,,,,,,,,,,,,,,,,,,,,,,,,,,,,,,,,,,,,,,,,,,,,,,,,,,,,,,,,,,,,,,,,,,,,,,,,,,,,,,,,,,,,,
195,Inverter,Unit,,MIN 7000TL-X2,MIN,ONGRID,3,85044090.00,Single-Phase,26.00,49.50,53.00,,,,,,6500.0,,,,,,,,,,INVERSOR FOTOVOLTAICO  MIN 7000TL-X2,,,,,,,6.0,Kg,,,,,,,,,,,,,,,,,,,,,,,,,,,,,,,,,,,,,,,,,,,,,,,,,,,,,,,,,,,,,,,,,,,,,,,,,,,,,,,,,,,,,,,,
196,Inverter,Unit,,MIN 8000TL-X2,MIN,ONGRID,3,85044090.00,Single-Phase,26.00,49.50,53.00,,,,,,6500.0,,,,,,,,,,INVERSOR FOTOVOLTAICO  MIN 8000TL-X2,,,,,,,6.0,Kg,,,,,,,,,,,,,,,,,,,,,,,,,,,,,,,,,,,,,,,,,,,,,,,,,,,,,,,,,,,,,,,,,,,,,,,,,,,,,,,,,,,,,,,,
197,Inverter,Unit,,MIN 9000TL-X2,MIN,ONGRID,3,85044090.00,Single-Phase,26.00,49.50,53.00,,,,,,6500.0,,,,,,,,,,INVERSOR FOTOVOLTAICO  MIN 9000TL-X2,,,,,,,6.0,Kg,,,,,,,,,,,,,,,,,,,,,,,,,,,,,,,,,,,,,,,,,,,,,,,,,,,,,,,,,,,,,,,,,,,,,,,,,,,,,,,,,,,,,,,,
198,Inverter,Unit,,MOD 10KTL3-X2,MOD,ONGRID,2,85044090.00,Three-Phase,26.50,48.00,60.00,,,,,,13574.91,,,,,,,,,,INVERSOR FOTOVOLTAICO  MOD 10KTL3-X2,,,,,,,6.0,Kg,,,,,,,,,,,,,,,,,,,,,,,,,,,,,,,,,,,,,,,,,,,,,,,,,,,,,,,,,,,,,,,,,,,,,,,,,,,,,,,,,,,,,,,,
199,Inverter,Unit,,MOD 11KTL3-X2,MOD,ONGRID,2,85044090.00,Three-Phase,26.50,48.00,60.00,,,,,,13574.91,,,,,,,,,,INVERSOR FOTOVOLTAICO  MOD 11KTL3-X2,,,,,,,6.0,Kg,,,,,,,,,,,,,,,,,,,,,,,,,,,,,,,,,,,,,,,,,,,,,,,,,,,,,,,,,,,,,,,,,,,,,,,,,,,,,,,,,,,,,,,,
2,Inverter,Unit,,MIC 750TL-X,MIC,ONGRID,1,85044090.00,Single-Phase,19.50,32.00,42.00,,,,,,2500.0,,,,,,,,,,INVERSOR FOTOVOLTAICO  MIC 750TL-X,,,,,,,6.0,Kg,,,,,,,,,,,,,,,,,,,,,,,,,,,,,,,,,,,,,,,,,,,,,,,,,,,,,,,,,,,,,,,,,,,,,,,,,,,,,,,,,,,,,,,,
20,Inverter,Unit,,MIN 2500TL-XH,MIN,ONGRID,2,85044090.00,Single-Phase,26.00,49.50,53.00,,,,,,4000.0,,,,,,,,,,INVERSOR FOTOVOLTAICO  MIN 2500TL-XH,,,,,,,6.0,Kg,,,,,,,,,,,,,,,,,,,,,,,,,,,,,,,,,,,,,,,,,,,,,,,,,,,,,,,,,,,,,,,,,,,,,,,,,,,,,,,,,,,,,,,,
200,Inverter,Unit,,MOD 12KTL3-X2,MOD,ONGRID,2,85044090.00,Three-Phase,26.50,48.00,60.00,,,,,,13574.91,,,,,,,,,,INVERSOR FOTOVOLTAICO  MOD 12KTL3-X2,,,,,,,6.0,Kg,,,,,,,,,,,,,,,,,,,,,,,,,,,,,,,,,,,,,,,,,,,,,,,,,,,,,,,,,,,,,,,,,,,,,,,,,,,,,,,,,,,,,,,,
201,Inverter,Unit,,MOD 15KTL3-X2,MOD,ONGRID,2,85044090.00,Three-Phase,26.50,48.00,60.00,,,,,,14822.22,,,,,,,,,,INVERSOR FOTOVOLTAICO  MOD 15KTL3-X2,,,,,,,6.0,Kg,,,,,,,,,,,,,,,,,,,,,,,,,,,,,,,,,,,,,,,,,,,,,,,,,,,,,,,,,,,,,,,,,,,,,,,,,,,,,,,,,,,,,,,,
202,Inverter,Unit,,MID 15KTL3-XL2,MID,ONGRID,4,85044090.00,Three-Phase,26.50,48.00,60.00,,,,,,12000.0,,,,,,,,,,INVERSOR FOTOVOLTAICO  MID 15KTL3-XL2,,,,,,,6.0,Kg,,,,,,,,,,,,,,,,,,,,,,,,,,,,,,,,,,,,,,,,,,,,,,,,,,,,,,,,,,,,,,,,,,,,,,,,,,,,,,,,,,,,,,,,
203,Inverter,Unit,,MID 20KTL3-XL2,MID,ONGRID,4,85044090.00,Three-Phase,26.50,48.00,60.00,,,,,,12000.0,,,,,,,,,,INVERSOR FOTOVOLTAICO  MID 20KTL3-XL2,,,,,,,6.0,Kg,,,,,,,,,,,,,,,,,,,,,,,,,,,,,,,,,,,,,,,,,,,,,,,,,,,,,,,,,,,,,,,,,,,,,,,,,,,,,,,,,,,,,,,,
204,Inverter,Unit,,MID 25KTL3-XL2,MID,ONGRID,4,85044090.00,Three-Phase,26.50,48.00,60.00,,,,,,15000.0,,,,,,,,,,INVERSOR FOTOVOLTAICO  MID 25KTL3-XL2,,,,,,,6.0,Kg,,,,,,,,,,,,,,,,,,,,,,,,,,,,,,,,,,,,,,,,,,,,,,,,,,,,,,,,,,,,,,,,,,,,,,,,,,,,,,,,,,,,,,,,
205,Inverter,Unit,,MAX 50KTL3-XL2,MAX,ONGRID,8,85044090.00,Three-Phase,46.50,73.50,1035.00,,,,,,26839.53,,,,,,,,,,INVERSOR FOTOVOLTAICO  MAX 50KTL3-XL2,,,,,,,6.0,Kg,,,,,,,,,,,,,,,,,,,,,,,,,,,,,,,,,,,,,,,,,,,,,,,,,,,,,,,,,,,,,,,,,,,,,,,,,,,,,,,,,,,,,,,,
206,Inverter,Unit,,MAX 60KTL3-XL2,MAX,ONGRID,8,85044090.00,Three-Phase,46.50,73.50,1035.00,,,,,,27527.72,,,,,,,,,,INVERSOR FOTOVOLTAICO  MAX 60KTL3-XL2,,,,,,,6.0,Kg,,,,,,,,,,,,,,,,,,,,,,,,,,,,,,,,,,,,,,,,,,,,,,,,,,,,,,,,,,,,,,,,,,,,,,,,,,,,,,,,,,,,,,,,
207,Inverter,Unit,,MAX 70KTL3-XL2,MAX,ONGRID,8,85044090.00,Three-Phase,46.50,73.50,1035.00,,,,,,27527.72,,,,,,,,,,INVERSOR FOTOVOLTAICO  MAX 70KTL3-XL2,,,,,,,6.0,Kg,,,,,,,,,,,,,,,,,,,,,,,,,,,,,,,,,,,,,,,,,,,,,,,,,,,,,,,,,,,,,,,,,,,,,,,,,,,,,,,,,,,,,,,,
208,Inverter,Unit,,MAX 73KTL3-XL2,MAX,ONGRID,8,85044090.00,Three-Phase,46.50,73.50,1035.00,,,,,,27527.72,,,,,,,,,,INVERSOR FOTOVOLTAICO  MAX 73KTL3-XL2,,,,,,,6.0,Kg,,,,,,,,,,,,,,,,,,,,,,,,,,,,,,,,,,,,,,,,,,,,,,,,,,,,,,,,,,,,,,,,,,,,,,,,,,,,,,,,,,,,,,,,
209,Inverter,Unit,,MAX 75KTL3-XL2,MAX,ONGRID,8,85044090,Three-Phase,46.50,73.50,1035.00,,,,,,40000.0,,,,,,,,,,INVERSOR FOTOVOLTAICO  MAX 75KTL3-XL2,,,,,,,6.0,Kg,,,,,,,,,,,,,,,,,,,,,,,,,,,,,,,,,,,,,,,,,,,,,,,,,,,,,,,,,,,,,,,,,,,,,,,,,,,,,,,,,,,,,,,,
21,Inverter,Unit,,MIN 3000TL-XH,MIN,ONGRID,2,85044090.00,Single-Phase,26.00,44.50,45.00,,,,,,4000.0,,,,,,,,,,INVERSOR FOTOVOLTAICO  MIN 3000TL-XH,,,,,,,6.0,Kg,,,,,,,,,,,,,,,,,,,,,,,,,,,,,,,,,,,,,,,,,,,,,,,,,,,,,,,,,,,,,,,,,,,,,,,,,,,,,,,,,,,,,,,,
210,Inverter,Unit,,MAX 100KTL3-X2 LV,MAX,ONGRID,8,85044090.00,Three-Phase,46.50,73.50,1035.00,,,,,,36465.0,,,,,,,,,,INVERSOR FOTOVOLTAICO  MAX 100KTL3-X2 LV,,,,,,,6.0,Kg,,,,,,,,,,,,,,,,,,,,,,,,,,,,,,,,,,,,,,,,,,,,,,,,,,,,,,,,,,,,,,,,,,,,,,,,,,,,,,,,,,,,,,,,
211,Inverter,Unit,,MAX 110KTL3-X2 LV,MAX,ONGRID,8,85044090.00,Three-Phase,46.50,73.50,1035.00,,,,,,40293.82,,,,,,,,,,INVERSOR FOTOVOLTAICO  MAX 110KTL3-X2 LV,,,,,,,6.0,Kg,,,,,,,,,,,,,,,,,,,,,,,,,,,,,,,,,,,,,,,,,,,,,,,,,,,,,,,,,,,,,,,,,,,,,,,,,,,,,,,,,,,,,,,,
212,Inverter,Unit,,MAX 120KTL3-X2 LV,MAX,ONGRID,8,85044090.00,Three-Phase,46.50,73.50,1035.00,,,,,,44524.68,,,,,,,,,,INVERSOR FOTOVOLTAICO  MAX 120KTL3-X2 LV,,,,,,,6.0,Kg,,,,,,,,,,,,,,,,,,,,,,,,,,,,,,,,,,,,,,,,,,,,,,,,,,,,,,,,,,,,,,,,,,,,,,,,,,,,,,,,,,,,,,,,
213,Inverter,Unit,,MAX 125KTL3-X2 LV,MAX,ONGRID,8,85044090.00,Three-Phase,46.50,73.50,1035.00,,,,,,49199.77,,,,,,,,,,INVERSOR FOTOVOLTAICO  MAX 125KTL3-X2 LV,,,,,,,6.0,Kg,,,,,,,,,,,,,,,,,,,,,,,,,,,,,,,,,,,,,,,,,,,,,,,,,,,,,,,,,,,,,,,,,,,,,,,,,,,,,,,,,,,,,,,,
214,Inverter,Unit,,MAC 30KTL3-XL2,MAC,ONGRID,3,85044090.00,Three-Phase,35.00,63.00,74.50,,,,,,18000.0,,,,,,,,,,INVERSOR FOTOVOLTAICO  MAC 30KTL3-XL2,,,,,,,6.0,Kg,,,,,,,,,,,,,,,,,,,,,,,,,,,,,,,,,,,,,,,,,,,,,,,,,,,,,,,,,,,,,,,,,,,,,,,,,,,,,,,,,,,,,,,,
215,Inverter,Unit,,MAC 36KTL3-XL2,MAC,ONGRID,3,85044090.00,Three-Phase,35.00,63.00,74.50,,,,,,18000.0,,,,,,,,,,INVERSOR FOTOVOLTAICO  MAC 36KTL3-XL2,,,,,,,6.0,Kg,,,,,,,,,,,,,,,,,,,,,,,,,,,,,,,,,,,,,,,,,,,,,,,,,,,,,,,,,,,,,,,,,,,,,,,,,,,,,,,,,,,,,,,,
216,Inverter,Unit,,MAC 60KTL3-X2 LV,MAC,ONGRID,3,85044090.00,Three-Phase,35.00,63.00,74.50,,,,,,18000.0,,,,,,,,,,INVERSOR FOTOVOLTAICO  MAC 60KTL3-X2 LV,,,,,,,6.0,Kg,,,,,,,,,,,,,,,,,,,,,,,,,,,,,,,,,,,,,,,,,,,,,,,,,,,,,,,,,,,,,,,,,,,,,,,,,,,,,,,,,,,,,,,,
217,Inverter,Unit,,NEO 2000M-X,NEO,ONGRID,4,,Single-Phase,,,,,,,,,0.0,,,,,,,,,,INVERSOR FOTOVOLTAICO  NEO 2000M-X,,,,,,,0.0,,,,,,,,,,,,,,,,,,,,,,,,,,,,,,,,,,,,,,,,,,,,,,,,,,,,,,,,,,,,,,,,,,,,,,,,,,,,,,,,,,,,,,,,,
218,Inverter,Unit,,NEO 1600M-X,NEO,ONGRID,3,,Single-Phase,,,,,,,,,0.0,,,,,,,,,,INVERSOR FOTOVOLTAICO  NEO 1600M-X,,,,,,,0.0,,,,,,,,,,,,,,,,,,,,,,,,,,,,,,,,,,,,,,,,,,,,,,,,,,,,,,,,,,,,,,,,,,,,,,,,,,,,,,,,,,,,,,,,,
219,Inverter,Unit,,NEO 1200M-X,NEO,ONGRID,2,,Single-Phase,,,,,,,,,0.0,,,,,,,,,,INVERSOR FOTOVOLTAICO  NEO 1200M-X,,,,,,,0.0,,,,,,,,,,,,,,,,,,,,,,,,,,,,,,,,,,,,,,,,,,,,,,,,,,,,,,,,,,,,,,,,,,,,,,,,,,,,,,,,,,,,,,,,,
22,Inverter,Unit,,MIN 3600TL-XH,MIN,ONGRID,2,,Single-Phase,26.00,44.50,45.00,,,,,,4000.0,,,,,,,,,,INVERSOR FOTOVOLTAICO  MIN 3600TL-XH,,,,,,,6.0,Kg,,,,,,,,,,,,,,,,,,,,,,,,,,,,,,,,,,,,,,,,,,,,,,,,,,,,,,,,,,,,,,,,,,,,,,,,,,,,,,,,,,,,,,,,
220,Inverter,Unit,,MIN 2500TL-XH2,MIN,ONGRID,2,,Single-Phase,19.50,32.00,42.00,,,,,,3500.0,,,,,,,,,,INVERSOR FOTOVOLTAICO  MIN 2500TL-XH2,,,,,,,6.0,Kg,,,,,,,,,,,,,,,,,,,,,,,,,,,,,,,,,,,,,,,,,,,,,,,,,,,,,,,,,,,,,,,,,,,,,,,,,,,,,,,,,,,,,,,,
221,Inverter,Unit,,MIN 3000TL-XH2,MIN,ONGRID,2,,Single-Phase,19.50,32.00,42.00,,,,,,3500.0,,,,,,,,,,INVERSOR FOTOVOLTAICO  MIN 3000TL-XH2,,,,,,,6.0,Kg,,,,,,,,,,,,,,,,,,,,,,,,,,,,,,,,,,,,,,,,,,,,,,,,,,,,,,,,,,,,,,,,,,,,,,,,,,,,,,,,,,,,,,,,
222,Inverter,Unit,,MIN 3600TL-XH2,MIN,ONGRID,2,,Single-Phase,19.50,32.00,42.00,,,,,,3500.0,,,,,,,,,,INVERSOR FOTOVOLTAICO  MIN 3600TL-XH2,,,,,,,6.0,Kg,,,,,,,,,,,,,,,,,,,,,,,,,,,,,,,,,,,,,,,,,,,,,,,,,,,,,,,,,,,,,,,,,,,,,,,,,,,,,,,,,,,,,,,,
223,Inverter,Unit,,MIN 4200TL-XH2,MIN,ONGRID,2,,Single-Phase,19.50,32.00,42.00,,,,,,4000.0,,,,,,,,,,INVERSOR FOTOVOLTAICO  MIN 4200TL-XH2,,,,,,,6.0,Kg,,,,,,,,,,,,,,,,,,,,,,,,,,,,,,,,,,,,,,,,,,,,,,,,,,,,,,,,,,,,,,,,,,,,,,,,,,,,,,,,,,,,,,,,
224,Inverter,Unit,,MIN 4600TL-XH2,MIN,ONGRID,2,,Single-Phase,19.50,32.00,42.00,,,,,,3500.0,,,,,,,,,,INVERSOR FOTOVOLTAICO  MIN 4600TL-XH2,,,,,,,6.0,Kg,,,,,,,,,,,,,,,,,,,,,,,,,,,,,,,,,,,,,,,,,,,,,,,,,,,,,,,,,,,,,,,,,,,,,,,,,,,,,,,,,,,,,,,,
225,Inverter,Unit,,MIN 5000TL-XH2,MIN,ONGRID,2,,Single-Phase,19.50,32.00,42.00,,,,,,3500.0,,,,,,,,,,INVERSOR FOTOVOLTAICO  MIN 5000TL-XH2,,,,,,,6.0,Kg,,,,,,,,,,,,,,,,,,,,,,,,,,,,,,,,,,,,,,,,,,,,,,,,,,,,,,,,,,,,,,,,,,,,,,,,,,,,,,,,,,,,,,,,
226,Inverter,Unit,,MIN 6000TL-XH2,MIN,ONGRID,2,,Single-Phase,19.50,32.00,42.00,,,,,,3500.0,,,,,,,,,,INVERSOR FOTOVOLTAICO  MIN 6000TL-XH2,,,,,,,6.0,Kg,,,,,,,,,,,,,,,,,,,,,,,,,,,,,,,,,,,,,,,,,,,,,,,,,,,,,,,,,,,,,,,,,,,,,,,,,,,,,,,,,,,,,,,,
227,EV Charger,Unit,,THOR 03AS-S,THOR CA,HYBRID,,,Single-Phase,,,,,,,,,0.0,,,,,,,,,,CARREGADOR VEICULAR  THOR 03AS-S,,,,,,,0.0,,,,,,,,,,,,,,,,,,,,,,,,,,,,,,,,,,,,,,,,,,,,,,,,,,,,,,,,,,,,,,,,,,,,,,,,,,,,,,,,,,,,,,,,,
228,EV Charger,Unit,,THOR 07AS-P,THOR CA,HYBRID,,,Single-Phase,,,,,,,,,0.0,,,,,,,,,,CARREGADOR VEICULAR  THOR 07AS-P,,,,,,,0.0,,,,,,,,,,,,,,,,,,,,,,,,,,,,,,,,,,,,,,,,,,,,,,,,,,,,,,,,,,,,,,,,,,,,,,,,,,,,,,,,,,,,,,,,,
229,EV Charger,Unit,,THOR 07A5-5,THOR CA,HYBRID,,,Single-Phase,,,,,,,,,0.0,,,,,,,,,,CARREGADOR VEICULAR  THOR 07A5-5,,,,,,,0.0,,,,,,,,,,,,,,,,,,,,,,,,,,,,,,,,,,,,,,,,,,,,,,,,,,,,,,,,,,,,,,,,,,,,,,,,,,,,,,,,,,,,,,,,,
23,Inverter,Unit,,MIN 4200TL-XH,MIN,ONGRID,2,,Single-Phase,26.00,44.50,45.00,,,,,,6000.0,,,,,,,,,,INVERSOR FOTOVOLTAICO  MIN 4200TL-XH,,,,,,,6.0,Kg,,,,,,,,,,,,,,,,,,,,,,,,,,,,,,,,,,,,,,,,,,,,,,,,,,,,,,,,,,,,,,,,,,,,,,,,,,,,,,,,,,,,,,,,
230,EV Charger,Unit,,THOR 11AS-P,THOR CA - Three-Phase,HYBRID,,,Three-Phase,,,,,,,,,0.0,,,,,,,,,,CARREGADOR VEICULAR  THOR 11AS-P,,,,,,,0.0,,,,,,,,,,,,,,,,,,,,,,,,,,,,,,,,,,,,,,,,,,,,,,,,,,,,,,,,,,,,,,,,,,,,,,,,,,,,,,,,,,,,,,,,,
231,EV Charger,Unit,,THOR 11AS-S,THOR CA - Three-Phase,HYBRID,,,Three-Phase,,,,,,,,,0.0,,,,,,,,,,CARREGADOR VEICULAR  THOR 11AS-S,,,,,,,0.0,,,,,,,,,,,,,,,,,,,,,,,,,,,,,,,,,,,,,,,,,,,,,,,,,,,,,,,,,,,,,,,,,,,,,,,,,,,,,,,,,,,,,,,,,
232,EV Charger,Unit,,THOR 22AS-P,THOR CA - Three-Phase,HYBRID,,,Three-Phase,,,,,,,,,0.0,,,,,,,,,,CARREGADOR VEICULAR  THOR 22AS-P,,,,,,,0.0,,,,,,,,,,,,,,,,,,,,,,,,,,,,,,,,,,,,,,,,,,,,,,,,,,,,,,,,,,,,,,,,,,,,,,,,,,,,,,,,,,,,,,,,,
233,EV Charger,Unit,,THOR 22AS-S,THOR CA - Three-Phase,HYBRID,,,Three-Phase,,,,,,,,,0.0,,,,,,,,,,CARREGADOR VEICULAR  THOR 22AS-S,,,,,,,0.0,,,,,,,,,,,,,,,,,,,,,,,,,,,,,,,,,,,,,,,,,,,,,,,,,,,,,,,,,,,,,,,,,,,,,,,,,,,,,,,,,,,,,,,,,
234,EV Charger,Unit,,THOR-40DS-P,THOR CC,HYBRID,,,CC,,,,,,,,,0.0,,,,,,,,,,CARREGADOR VEICULAR  THOR-40DS-P,,,,,,,0.0,,,,,,,,,,,,,,,,,,,,,,,,,,,,,,,,,,,,,,,,,,,,,,,,,,,,,,,,,,,,,,,,,,,,,,,,,,,,,,,,,,,,,,,,,
235,EV Charger,Unit,,THOR-40DD-P,THOR CC,HYBRID,,,CC,,,,,,,,,0.0,,,,,,,,,,CARREGADOR VEICULAR  THOR-40DD-P,,,,,,,0.0,,,,,,,,,,,,,,,,,,,,,,,,,,,,,,,,,,,,,,,,,,,,,,,,,,,,,,,,,,,,,,,,,,,,,,,,,,,,,,,,,,,,,,,,,
236,COM Board,Unit,,HOPE 4.8L-C1,AXE,HYBRID,,,CC,,,,,,,,,0.0,,,,,,,,,,<div><p>Bateria HOPE 4.8L-C1.</p></div>,,,,,,,0.0,,,,,,,,,,,,,,,,,,,,,,,,,,,,,,,,,,,,,,,,,,,,,,,,,,,,,,,,,,,,,,,,,,,,,,,,,,,,,,,,,,,,,,,,,
237,Battery,Unit,,HOPE 5.0-B1/P1,HOPE,HYBRID,,,CC,,,,,,,,,0.0,,,,,,,,,,<div><p>Bateria HOPE 5.0-B1/P1.</p></div>,,,,,,,0.0,,,,,,,,,,,,,,,,,,,,,,,,,,,,,,,,,,,,,,,,,,,,,,,,,,,,,,,,,,,,,,,,,,,,,,,,,,,,,,,,,,,,,,,,,
238,Battery,Unit,,AXE 5.0 LV,AXE,HYBRID,,,CC,,,,,,,,,0.0,,,,,,,,,,<div><p>Bateria AXE 5.0 LV.</p></div>,,,,,,,0.0,,,,,,,,,,,,,,,,,,,,,,,,,,,,,,,,,,,,,,,,,,,,,,,,,,,,,,,,,,,,,,,,,,,,,,,,,,,,,,,,,,,,,,,,,
239,Datalogger,Unit,,SHINE WI-FI S,SHINE WI-FI,Datalogger,,,,,,,,,,,,0.0,,,,,,,,,,Wi-Fi S,,,,,,,0.0,,,,,,,,,,,,,,,,,,,,,,,,,,,,,,,,,,,,,,,,,,,,,,,,,,,,,,,,,,,,,,,,,,,,,,,,,,,,,,,,,,,,,,,,,
24,Inverter,Unit,,MIN 4600TL-XH,MIN,ONGRID,2,,,26.00,44.50,45.00,,,,,,6000.0,,,,,,,,,,INVERSOR FOTOVOLTAICO  MIN 4600TL-XH,,,,,,,6.0,Kg,,,,,,,,,,,,,,,,,,,,,,,,,,,,,,,,,,,,,,,,,,,,,,,,,,,,,,,,,,,,,,,,,,,,,,,,,,,,,,,,,,,,,,,,
240,Datalogger,Unit,,SHINE WI-FI X,SHINE WI-FI,Datalogger,,,,,,,,,,,,0.0,,,,,,,,,,SHINEWIFI-X,,,,,,,0.0,,,,,,,,,,,,,,,,,,,,,,,,,,,,,,,,,,,,,,,,,,,,,,,,,,,,,,,,,,,,,,,,,,,,,,,,,,,,,,,,,,,,,,,,,
241,Datalogger,Unit,,SHINE WI-FI F,SHINE WI-FI,Datalogger,,,,,,,,,,,,0.0,,,,,,,,,,SHINE WI-FI F,,,,,,,0.0,,,,,,,,,,,,,,,,,,,,,,,,,,,,,,,,,,,,,,,,,,,,,,,,,,,,,,,,,,,,,,,,,,,,,,,,,,,,,,,,,,,,,,,,,
25,Inverter,Unit,,MIN 5000TL-XH,MIN,ONGRID,2,,,26.00,44.50,45.00,,,,,,6000.0,,,,,,,,,,INVERSOR FOTOVOLTAICO  MIN 5000TL-XH,,,,,,,6.0,Kg,,,,,,,,,,,,,,,,,,,,,,,,,,,,,,,,,,,,,,,,,,,,,,,,,,,,,,,,,,,,,,,,,,,,,,,,,,,,,,,,,,,,,,,,
26,Inverter,Unit,,MIN 6000TL-XH,MIN,ONGRID,2,,,26.00,44.50,45.00,,,,,,6500.0,,,,,,,,,,INVERSOR FOTOVOLTAICO  MIN 6000TL-XH,,,,,,,6.0,Kg,,,,,,,,,,,,,,,,,,,,,,,,,,,,,,,,,,,,,,,,,,,,,,,,,,,,,,,,,,,,,,,,,,,,,,,,,,,,,,,,,,,,,,,,
27,Inverter,Unit,,MID 15KTL3-X,MID,ONGRID,2,,,26.50,48.00,60.00,,,,,,12000.0,,,,,,,,,,INVERSOR FOTOVOLTAICO  MID 15KTL3-X,,,,,,,6.0,Kg,,,,,,,,,,,,,,,,,,,,,,,,,,,,,,,,,,,,,,,,,,,,,,,,,,,,,,,,,,,,,,,,,,,,,,,,,,,,,,,,,,,,,,,,
28,Inverter,Unit,,MID 17KTL3-X,MID,ONGRID,2,,,26.50,48.00,60.00,,,,,,12000.0,,,,,,,,,,INVERSOR FOTOVOLTAICO  MID 17KTL3-X,,,,,,,6.0,Kg,,,,,,,,,,,,,,,,,,,,,,,,,,,,,,,,,,,,,,,,,,,,,,,,,,,,,,,,,,,,,,,,,,,,,,,,,,,,,,,,,,,,,,,,
29,Inverter,Unit,,MID 20KTL3-X,MID,ONGRID,2,,,26.50,48.00,60.00,,,,,,12000.0,,,,,,,,,,INVERSOR FOTOVOLTAICO  MID 20KTL3-X,,,,,,,6.0,Kg,,,,,,,,,,,,,,,,,,,,,,,,,,,,,,,,,,,,,,,,,,,,,,,,,,,,,,,,,,,,,,,,,,,,,,,,,,,,,,,,,,,,,,,,
3,Inverter,Unit,,MIC 1000TL-X,MIC,ONGRID,1,,,19.50,32.00,42.00,,,,,,2500.0,,,,,,,,,,INVERSOR FOTOVOLTAICO  MIC 1000TL-X,,,,,,,6.0,Kg,,,,,,,,,,,,,,,,,,,,,,,,,,,,,,,,,,,,,,,,,,,,,,,,,,,,,,,,,,,,,,,,,,,,,,,,,,,,,,,,,,,,,,,,
30,Inverter,Unit,,MID 22KTL3-X,MID,ONGRID,2,,,26.50,48.00,60.00,,,,,,15000.0,,,,,,,,,,INVERSOR FOTOVOLTAICO  MID 22KTL3-X,,,,,,,6.0,Kg,,,,,,,,,,,,,,,,,,,,,,,,,,,,,,,,,,,,,,,,,,,,,,,,,,,,,,,,,,,,,,,,,,,,,,,,,,,,,,,,,,,,,,,,
31,Inverter,Unit,,MID 25KTL3-X,MID,ONGRID,3,,,26.50,48.00,60.00,,,,,,15000.0,,,,,,,,,,INVERSOR FOTOVOLTAICO  MID 25KTL3-X,,,,,,,6.0,Kg,,,,,,,,,,,,,,,,,,,,,,,,,,,,,,,,,,,,,,,,,,,,,,,,,,,,,,,,,,,,,,,,,,,,,,,,,,,,,,,,,,,,,,,,
32,Inverter,Unit,,MID 30KTL3-X,MID,ONGRID,3,,,26.50,48.00,60.00,,,,,,17000.0,,,,,,,,,,INVERSOR FOTOVOLTAICO  MID 30KTL3-X,,,,,,,6.0,Kg,,,,,,,,,,,,,,,,,,,,,,,,,,,,,,,,,,,,,,,,,,,,,,,,,,,,,,,,,,,,,,,,,,,,,,,,,,,,,,,,,,,,,,,,
33,Inverter,Unit,,MID 33KTL3-X,MID,ONGRID,3,,,26.50,48.00,60.00,,,,,,17000.0,,,,,,,,,,INVERSOR FOTOVOLTAICO  MID 33KTL3-X,,,,,,,6.0,Kg,,,,,,,,,,,,,,,,,,,,,,,,,,,,,,,,,,,,,,,,,,,,,,,,,,,,,,,,,,,,,,,,,,,,,,,,,,,,,,,,,,,,,,,,
34,Inverter,Unit,,MID 36KTL3-X,MID,ONGRID,4,,,26.50,48.00,60.00,,,,,,17000.0,,,,,,,,,,INVERSOR FOTOVOLTAICO  MID 36KTL3-X,,,,,,,6.0,Kg,,,,,,,,,,,,,,,,,,,,,,,,,,,,,,,,,,,,,,,,,,,,,,,,,,,,,,,,,,,,,,,,,,,,,,,,,,,,,,,,,,,,,,,,
35,Inverter,Unit,,MID 40KTL3-X,MID,ONGRID,4,,,26.50,48.00,60.00,,,,,,17000.0,,,,,,,,,,INVERSOR FOTOVOLTAICO  MID 40KTL3-X,,,,,,,6.0,Kg,,,,,,,,,,,,,,,,,,,,,,,,,,,,,,,,,,,,,,,,,,,,,,,,,,,,,,,,,,,,,,,,,,,,,,,,,,,,,,,,,,,,,,,,
36,Inverter,Unit,,MID 10KTL3-XL,MID,ONGRID,4,,,26.50,48.00,60.00,,,,,,9500.0,,,,,,,,,,INVERSOR FOTOVOLTAICO  MID 10KTL3-XL,,,,,,,6.0,Kg,,,,,,,,,,,,,,,,,,,,,,,,,,,,,,,,,,,,,,,,,,,,,,,,,,,,,,,,,,,,,,,,,,,,,,,,,,,,,,,,,,,,,,,,
37,Inverter,Unit,,MID 12KTL3-XL,MID,ONGRID,4,,,26.50,48.00,60.00,,,,,,12000.0,,,,,,,,,,INVERSOR FOTOVOLTAICO  MID 12KTL3-XL,,,,,,,6.0,Kg,,,,,,,,,,,,,,,,,,,,,,,,,,,,,,,,,,,,,,,,,,,,,,,,,,,,,,,,,,,,,,,,,,,,,,,,,,,,,,,,,,,,,,,,
38,Inverter,Unit,,MID 15KTL3-XL,MID,ONGRID,4,,,26.50,48.00,60.00,,,,,,12000.0,,,,,,,,,,INVERSOR FOTOVOLTAICO  MID 15KTL3-XL,,,,,,,6.0,Kg,,,,,,,,,,,,,,,,,,,,,,,,,,,,,,,,,,,,,,,,,,,,,,,,,,,,,,,,,,,,,,,,,,,,,,,,,,,,,,,,,,,,,,,,
39,Inverter,Unit,,MID 20KTL3-XL,MID,ONGRID,4,,,26.50,48.00,60.00,,,,,,12000.0,,,,,,,,,,INVERSOR FOTOVOLTAICO  MID 20KTL3-XL,,,,,,,6.0,Kg,,,,,,,,,,,,,,,,,,,,,,,,,,,,,,,,,,,,,,,,,,,,,,,,,,,,,,,,,,,,,,,,,,,,,,,,,,,,,,,,,,,,,,,,
4,Inverter,Unit,,MIC 1500TL-X,MIC,ONGRID,1,,,19.50,32.00,42.00,,,,,,3500.0,,,,,,,,,,INVERSOR FOTOVOLTAICO  MIC 1500TL-X,,,,,,,6.0,Kg,,,,,,,,,,,,,,,,,,,,,,,,,,,,,,,,,,,,,,,,,,,,,,,,,,,,,,,,,,,,,,,,,,,,,,,,,,,,,,,,,,,,,,,,
40,Inverter,Unit,,MOD 3000TL3-X,MOD,ONGRID,2,,,26.50,48.00,60.00,,,,,,9139.96,,,,,,,,,,INVERSOR FOTOVOLTAICO  MOD 3000TL3-X,,,,,,,6.0,Kg,,,,,,,,,,,,,,,,,,,,,,,,,,,,,,,,,,,,,,,,,,,,,,,,,,,,,,,,,,,,,,,,,,,,,,,,,,,,,,,,,,,,,,,,
41,Inverter,Unit,,MOD 4000TL3-X,MOD,ONGRID,2,,,26.50,48.00,60.00,,,,,,9550.64,,,,,,,,,,INVERSOR FOTOVOLTAICO  MOD 4000TL3-X,,,,,,,6.0,Kg,,,,,,,,,,,,,,,,,,,,,,,,,,,,,,,,,,,,,,,,,,,,,,,,,,,,,,,,,,,,,,,,,,,,,,,,,,,,,,,,,,,,,,,,
42,Inverter,Unit,,MOD 5000TL3-X,MOD,ONGRID,2,,,26.50,48.00,60.00,,,,,,9979.77,,,,,,,,,,INVERSOR FOTOVOLTAICO  MOD 5000TL3-X,,,,,,,6.0,Kg,,,,,,,,,,,,,,,,,,,,,,,,,,,,,,,,,,,,,,,,,,,,,,,,,,,,,,,,,,,,,,,,,,,,,,,,,,,,,,,,,,,,,,,,
43,Inverter,Unit,,MOD 6000TL3-X,MOD,ONGRID,2,,,26.50,48.00,60.00,,,,,,10428.18,,,,,,,,,,INVERSOR FOTOVOLTAICO  MOD 6000TL3-X,,,,,,,6.0,Kg,,,,,,,,,,,,,,,,,,,,,,,,,,,,,,,,,,,,,,,,,,,,,,,,,,,,,,,,,,,,,,,,,,,,,,,,,,,,,,,,,,,,,,,,
44,Inverter,Unit,,MOD 7000TL3-X,MOD,ONGRID,2,,,26.50,48.00,60.00,,,,,,10896.74,,,,,,,,,,INVERSOR FOTOVOLTAICO  MOD 7000TL3-X,,,,,,,6.0,Kg,,,,,,,,,,,,,,,,,,,,,,,,,,,,,,,,,,,,,,,,,,,,,,,,,,,,,,,,,,,,,,,,,,,,,,,,,,,,,,,,,,,,,,,,
45,Inverter,Unit,,MOD 8000TL3-X,MOD,ONGRID,2,,,26.50,48.00,60.00,,,,,,11386.36,,,,,,,,,,INVERSOR FOTOVOLTAICO  MOD 8000TL3-X,,,,,,,6.0,Kg,,,,,,,,,,,,,,,,,,,,,,,,,,,,,,,,,,,,,,,,,,,,,,,,,,,,,,,,,,,,,,,,,,,,,,,,,,,,,,,,,,,,,,,,
46,Inverter,Unit,,MOD 9000TL3-X,MOD,ONGRID,2,,,26.50,48.00,60.00,,,,,,11897.97,,,,,,,,,,INVERSOR FOTOVOLTAICO  MOD 9000TL3-X,,,,,,,6.0,Kg,,,,,,,,,,,,,,,,,,,,,,,,,,,,,,,,,,,,,,,,,,,,,,,,,,,,,,,,,,,,,,,,,,,,,,,,,,,,,,,,,,,,,,,,
47,Inverter,Unit,,MOD 10000TL3-X,MOD,ONGRID,2,,,26.50,48.00,60.00,,,,,,12432.57,,,,,,,,,,INVERSOR FOTOVOLTAICO  MOD 10000TL3-X,,,,,,,6.0,Kg,,,,,,,,,,,,,,,,,,,,,,,,,,,,,,,,,,,,,,,,,,,,,,,,,,,,,,,,,,,,,,,,,,,,,,,,,,,,,,,,,,,,,,,,
48,Inverter,Unit,,MOD 11000TL3-X,MOD,ONGRID,2,,,26.50,48.00,60.00,,,,,,12991.19,,,,,,,,,,INVERSOR FOTOVOLTAICO  MOD 11000TL3-X,,,,,,,6.0,Kg,,,,,,,,,,,,,,,,,,,,,,,,,,,,,,,,,,,,,,,,,,,,,,,,,,,,,,,,,,,,,,,,,,,,,,,,,,,,,,,,,,,,,,,,
49,Inverter,Unit,,MOD 12000TL3-X,MOD,ONGRID,2,,,26.50,48.00,60.00,,,,,,13574.91,,,,,,,,,,INVERSOR FOTOVOLTAICO  MOD 12000TL3-X,,,,,,,6.0,Kg,,,,,,,,,,,,,,,,,,,,,,,,,,,,,,,,,,,,,,,,,,,,,,,,,,,,,,,,,,,,,,,,,,,,,,,,,,,,,,,,,,,,,,,,
5,Inverter,Unit,,MIC 2000TL-X,MIC,ONGRID,1,,,19.50,32.00,42.00,,,,,,3500.0,,,,,,,,,,INVERSOR FOTOVOLTAICO  MIC 2000TL-X,,,,,,,6.0,Kg,,,,,,,,,,,,,,,,,,,,,,,,,,,,,,,,,,,,,,,,,,,,,,,,,,,,,,,,,,,,,,,,,,,,,,,,,,,,,,,,,,,,,,,,
50,Inverter,Unit,,MOD 13000TL3-X,MOD,ONGRID,2,,,26.50,48.00,60.00,,,,,,14184.86,,,,,,,,,,INVERSOR FOTOVOLTAICO  MOD 13000TL3-X,,,,,,,6.0,Kg,,,,,,,,,,,,,,,,,,,,,,,,,,,,,,,,,,,,,,,,,,,,,,,,,,,,,,,,,,,,,,,,,,,,,,,,,,,,,,,,,,,,,,,,
51,Inverter,Unit,,MOD 15KTL3-X,MOD,ONGRID,2,,,26.50,48.00,60.00,,,,,,14822.22,,,,,,,,,,INVERSOR FOTOVOLTAICO  MOD 15KTL3-X,,,,,,,6.0,Kg,,,,,,,,,,,,,,,,,,,,,,,,,,,,,,,,,,,,,,,,,,,,,,,,,,,,,,,,,,,,,,,,,,,,,,,,,,,,,,,,,,,,,,,,
52,Inverter,Unit,,MAC 15KTL3-XL,MAC,ONGRID,3,,,35.00,63.00,74.50,,,,,,18000.0,,,,,,,,,,INVERSOR FOTOVOLTAICO  MAC 15KTL3-XL,,,,,,,6.0,Kg,,,,,,,,,,,,,,,,,,,,,,,,,,,,,,,,,,,,,,,,,,,,,,,,,,,,,,,,,,,,,,,,,,,,,,,,,,,,,,,,,,,,,,,,
53,Inverter,Unit,,MAC 20KTL3-XL,MAC,ONGRID,3,,,35.00,63.00,74.50,,,,,,18000.0,,,,,,,,,,INVERSOR FOTOVOLTAICO  MAC 20KTL3-XL,,,,,,,6.0,Kg,,,,,,,,,,,,,,,,,,,,,,,,,,,,,,,,,,,,,,,,,,,,,,,,,,,,,,,,,,,,,,,,,,,,,,,,,,,,,,,,,,,,,,,,
54,Inverter,Unit,,MAC 22KTL3-XL,MAC,ONGRID,3,,,35.00,63.00,74.50,,,,,,20000.0,,,,,,,,,,INVERSOR FOTOVOLTAICO  MAC 22KTL3-XL,,,,,,,6.0,Kg,,,,,,,,,,,,,,,,,,,,,,,,,,,,,,,,,,,,,,,,,,,,,,,,,,,,,,,,,,,,,,,,,,,,,,,,,,,,,,,,,,,,,,,,
55,Inverter,Unit,,MAC 25KTL3-XL,MAC,ONGRID,3,,,35.00,63.00,74.50,,,,,,20000.0,,,,,,,,,,INVERSOR FOTOVOLTAICO  MAC 25KTL3-XL,,,,,,,6.0,Kg,,,,,,,,,,,,,,,,,,,,,,,,,,,,,,,,,,,,,,,,,,,,,,,,,,,,,,,,,,,,,,,,,,,,,,,,,,,,,,,,,,,,,,,,
56,Inverter,Unit,,MAC 30KTL3-XL,MAC,ONGRID,3,,,35.00,63.00,74.50,,,,,,20000.0,,,,,,,,,,INVERSOR FOTOVOLTAICO  MAC 30KTL3-XL,,,,,,,6.0,Kg,,,,,,,,,,,,,,,,,,,,,,,,,,,,,,,,,,,,,,,,,,,,,,,,,,,,,,,,,,,,,,,,,,,,,,,,,,,,,,,,,,,,,,,,
57,Inverter,Unit,,MAC 36KTL3-XL,MAC,ONGRID,3,,,35.00,63.00,74.50,,,,,,25000.0,,,,,,,,,,INVERSOR FOTOVOLTAICO  MAC 36KTL3-XL,,,,,,,6.0,Kg,,,,,,,,,,,,,,,,,,,,,,,,,,,,,,,,,,,,,,,,,,,,,,,,,,,,,,,,,,,,,,,,,,,,,,,,,,,,,,,,,,,,,,,,
58,Inverter,Unit,,MAC 30KTL3-X LV,MAC,ONGRID,,,,35.00,63.00,74.50,,,,,,30000.0,,,,,,,,,,INVERSOR FOTOVOLTAICO  MAC 30KTL3-X LV,,,,,,,6.0,Kg,,,,,,,,,,,,,,,,,,,,,,,,,,,,,,,,,,,,,,,,,,,,,,,,,,,,,,,,,,,,,,,,,,,,,,,,,,,,,,,,,,,,,,,,
59,Inverter,Unit,,MAC 40KTL3-X LV,MAC,ONGRID,,,,35.00,63.00,74.50,,,,,,30000.0,,,,,,,,,,INVERSOR FOTOVOLTAICO  MAC 40KTL3-X LV,,,,,,,6.0,Kg,,,,,,,,,,,,,,,,,,,,,,,,,,,,,,,,,,,,,,,,,,,,,,,,,,,,,,,,,,,,,,,,,,,,,,,,,,,,,,,,,,,,,,,,
6,Inverter,Unit,,MIC 2500TL-X,MIC,ONGRID,1,,,19.50,32.00,42.00,,,,,,3500.0,,,,,,,,,,INVERSOR FOTOVOLTAICO  MIC 2500TL-X,,,,,,,6.0,Kg,,,,,,,,,,,,,,,,,,,,,,,,,,,,,,,,,,,,,,,,,,,,,,,,,,,,,,,,,,,,,,,,,,,,,,,,,,,,,,,,,,,,,,,,
60,Inverter,Unit,,MAC 50KTL3-X LV,MAC,ONGRID,4,,,35.00,63.00,74.50,,,,,,30000.0,,,,,,,,,,INVERSOR FOTOVOLTAICO  MAC 50KTL3-X LV,,,,,,,6.0,Kg,,,,,,,,,,,,,,,,,,,,,,,,,,,,,,,,,,,,,,,,,,,,,,,,,,,,,,,,,,,,,,,,,,,,,,,,,,,,,,,,,,,,,,,,
61,Inverter,Unit,,MAC 60KTL3-X LV,MAC,ONGRID,4,,,35.00,63.00,74.50,,,,,,35000.0,,,,,,,,,,INVERSOR FOTOVOLTAICO  MAC 60KTL3-X LV,,,,,,,6.0,Kg,,,,,,,,,,,,,,,,,,,,,,,,,,,,,,,,,,,,,,,,,,,,,,,,,,,,,,,,,,,,,,,,,,,,,,,,,,,,,,,,,,,,,,,,
62,Inverter,Unit,,MAC 50KTL3-X MV,MAC,ONGRID,4,,,35.00,63.00,74.50,,,,,,38000.0,,,,,,,,,,INVERSOR FOTOVOLTAICO  MAC 50KTL3-X MV,,,,,,,6.0,Kg,,,,,,,,,,,,,,,,,,,,,,,,,,,,,,,,,,,,,,,,,,,,,,,,,,,,,,,,,,,,,,,,,,,,,,,,,,,,,,,,,,,,,,,,
63,Inverter,Unit,,MAC 60KTL3-X MV,MAC,ONGRID,4,,,35.00,63.00,74.50,,,,,,38000.0,,,,,,,,,,INVERSOR FOTOVOLTAICO  MAC 60KTL3-X MV,,,,,,,6.0,Kg,,,,,,,,,,,,,,,,,,,,,,,,,,,,,,,,,,,,,,,,,,,,,,,,,,,,,,,,,,,,,,,,,,,,,,,,,,,,,,,,,,,,,,,,
64,Inverter,Unit,,MAC 66KTL3-X MV,MAC,ONGRID,4,,,35.00,63.00,74.50,,,,,,38000.0,,,,,,,,,,INVERSOR FOTOVOLTAICO  MAC 66KTL3-X MV,,,,,,,6.0,Kg,,,,,,,,,,,,,,,,,,,,,,,,,,,,,,,,,,,,,,,,,,,,,,,,,,,,,,,,,,,,,,,,,,,,,,,,,,,,,,,,,,,,,,,,
65,Inverter,Unit,,MAC 70KTL3-X MV,MAC,ONGRID,4,,,35.00,63.00,74.50,,,,,,40000.0,,,,,,,,,,INVERSOR FOTOVOLTAICO  MAC 70KTL3-X MV,,,,,,,6.0,Kg,,,,,,,,,,,,,,,,,,,,,,,,,,,,,,,,,,,,,,,,,,,,,,,,,,,,,,,,,,,,,,,,,,,,,,,,,,,,,,,,,,,,,,,,
66,Inverter,Unit,,MAX 50KTL3 LV,MAX,ONGRID,6,,,46.50,73.50,1035.00,,,,,,26839.53,,,,,,,,,,INVERSOR FOTOVOLTAICO  MAX 50KTL3 LV,,,,,,,6.0,Kg,,,,,,,,,,,,,,,,,,,,,,,,,,,,,,,,,,,,,,,,,,,,,,,,,,,,,,,,,,,,,,,,,,,,,,,,,,,,,,,,,,,,,,,,
67,Inverter,Unit,,MAX 60KTL3 LV,MAX,ONGRID,6,,,46.50,73.50,1035.00,,,,,,27527.72,,,,,,,,,,INVERSOR FOTOVOLTAICO  MAX 60KTL3 LV,,,,,,,6.0,Kg,,,,,,,,,,,,,,,,,,,,,,,,,,,,,,,,,,,,,,,,,,,,,,,,,,,,,,,,,,,,,,,,,,,,,,,,,,,,,,,,,,,,,,,,
68,Inverter,Unit,,MAX 70KTL3 LV,MAX,ONGRID,6,,,46.50,73.50,1035.00,,,,,,28233.56,,,,,,,,,,INVERSOR FOTOVOLTAICO  MAX 70KTL3 LV,,,,,,,6.0,Kg,,,,,,,,,,,,,,,,,,,,,,,,,,,,,,,,,,,,,,,,,,,,,,,,,,,,,,,,,,,,,,,,,,,,,,,,,,,,,,,,,,,,,,,,
69,Inverter,Unit,,MAX 75KTL3 LV,MAX,ONGRID,6,,,46.50,73.50,1035.00,,,,,,40000.0,,,,,,,,,,INVERSOR FOTOVOLTAICO  MAX 75KTL3 LV,,,,,,,6.0,Kg,,,,,,,,,,,,,,,,,,,,,,,,,,,,,,,,,,,,,,,,,,,,,,,,,,,,,,,,,,,,,,,,,,,,,,,,,,,,,,,,,,,,,,,,
7,Inverter,Unit,,MIC 3000TL-X,MIC,ONGRID,1,,,19.50,32.00,42.00,,,,,,3500.0,,,,,,,,,,INVERSOR FOTOVOLTAICO  MIC 3000TL-X,,,,,,,6.0,Kg,,,,,,,,,,,,,,,,,,,,,,,,,,,,,,,,,,,,,,,,,,,,,,,,,,,,,,,,,,,,,,,,,,,,,,,,,,,,,,,,,,,,,,,,
70,Inverter,Unit,,MAX 80KTL3 LV,MAX,ONGRID,6,,,46.50,73.50,1035.00,,,,,,40000.0,,,,,,,,,,INVERSOR FOTOVOLTAICO  MAX 80KTL3 LV,,,,,,,6.0,Kg,,,,,,,,,,,,,,,,,,,,,,,,,,,,,,,,,,,,,,,,,,,,,,,,,,,,,,,,,,,,,,,,,,,,,,,,,,,,,,,,,,,,,,,,
71,Inverter,Unit,,MAX 50KTL3-X LV,MAX,ONGRID,7,,,46.50,73.50,1035.00,,,,,,26839.53,,,,,,,,,,INVERSOR FOTOVOLTAICO  MAX 50KTL3-X LV,,,,,,,6.0,Kg,,,,,,,,,,,,,,,,,,,,,,,,,,,,,,,,,,,,,,,,,,,,,,,,,,,,,,,,,,,,,,,,,,,,,,,,,,,,,,,,,,,,,,,,
72,Inverter,Unit,,MAX 60KTL3-X LV,MAX,ONGRID,7,,,46.50,73.50,1035.00,,,,,,27527.72,,,,,,,,,,INVERSOR FOTOVOLTAICO  MAX 60KTL3-X LV,,,,,,,6.0,Kg,,,,,,,,,,,,,,,,,,,,,,,,,,,,,,,,,,,,,,,,,,,,,,,,,,,,,,,,,,,,,,,,,,,,,,,,,,,,,,,,,,,,,,,,
73,Inverter,Unit,,MAX 70KTL3 LV,MAX,ONGRID,7,,,46.50,73.50,1035.00,,,,,,28233.56,,,,,,,,,,INVERSOR FOTOVOLTAICO  MAX 70KTL3 LV,,,,,,,6.0,Kg,,,,,,,,,,,,,,,,,,,,,,,,,,,,,,,,,,,,,,,,,,,,,,,,,,,,,,,,,,,,,,,,,,,,,,,,,,,,,,,,,,,,,,,,
74,Inverter,Unit,,MAX 75KTL3 LV,MAX,ONGRID,7,,,46.50,73.50,1035.00,,,,,,40000.0,,,,,,,,,,INVERSOR FOTOVOLTAICO  MAX 75KTL3 LV,,,,,,,6.0,Kg,,,,,,,,,,,,,,,,,,,,,,,,,,,,,,,,,,,,,,,,,,,,,,,,,,,,,,,,,,,,,,,,,,,,,,,,,,,,,,,,,,,,,,,,
75,Inverter,Unit,,MAX 80KTL3 LV,MAX,ONGRID,7,,,46.50,73.50,1035.00,,,,,,40000.0,,,,,,,,,,INVERSOR FOTOVOLTAICO  MAX 80KTL3 LV,,,,,,,6.0,Kg,,,,,,,,,,,,,,,,,,,,,,,,,,,,,,,,,,,,,,,,,,,,,,,,,,,,,,,,,,,,,,,,,,,,,,,,,,,,,,,,,,,,,,,,
76,Inverter,Unit,,MAX 75KTL3-XL,MAX,ONGRID,,,,46.50,73.50,1035.00,,,,,,40000.0,,,,,,,,,,INVERSOR FOTOVOLTAICO  MAX 75KTL3-XL,,,,,,,6.0,Kg,,,,,,,,,,,,,,,,,,,,,,,,,,,,,,,,,,,,,,,,,,,,,,,,,,,,,,,,,,,,,,,,,,,,,,,,,,,,,,,,,,,,,,,,
77,Inverter,Unit,,MAX 100KTL3-X LV,MAX,ONGRID,7,,,46.50,73.50,1035.00,,,,,,33000.0,,,,,,,,,,INVERSOR FOTOVOLTAICO  MAX 100KTL3-X LV,,,,,,,6.0,Kg,,,,,,,,,,,,,,,,,,,,,,,,,,,,,,,,,,,,,,,,,,,,,,,,,,,,,,,,,,,,,,,,,,,,,,,,,,,,,,,,,,,,,,,,
78,Inverter,Unit,,MAX 100KTL3-X LV,MAX,ONGRID,10,,,46.50,73.50,1035.00,,,,,,36465.0,,,,,,,,,,INVERSOR FOTOVOLTAICO  MAX 100KTL3-X LV,,,,,,,6.0,Kg,,,,,,,,,,,,,,,,,,,,,,,,,,,,,,,,,,,,,,,,,,,,,,,,,,,,,,,,,,,,,,,,,,,,,,,,,,,,,,,,,,,,,,,,
79,Inverter,Unit,,MAX 110KTL3-X LV,MAX,ONGRID,10,,,46.50,73.50,1035.00,,,,,,40293.82,,,,,,,,,,INVERSOR FOTOVOLTAICO  MAX 110KTL3-X LV,,,,,,,6.0,Kg,,,,,,,,,,,,,,,,,,,,,,,,,,,,,,,,,,,,,,,,,,,,,,,,,,,,,,,,,,,,,,,,,,,,,,,,,,,,,,,,,,,,,,,,
8,Inverter,Unit,,MIC 3500TL-X,MIC,ONGRID,1,,,19.50,32.00,42.00,,,,,,3500.0,,,,,,,,,,INVERSOR FOTOVOLTAICO  MIC 3500TL-X,,,,,,,6.0,Kg,,,,,,,,,,,,,,,,,,,,,,,,,,,,,,,,,,,,,,,,,,,,,,,,,,,,,,,,,,,,,,,,,,,,,,,,,,,,,,,,,,,,,,,,
80,Inverter,Unit,,MAX 120KTL3-X LV,MAX,ONGRID,10,,,46.50,73.50,1035.00,,,,,,44524.68,,,,,,,,,,INVERSOR FOTOVOLTAICO  MAX 120KTL3-X LV,,,,,,,6.0,Kg,,,,,,,,,,,,,,,,,,,,,,,,,,,,,,,,,,,,,,,,,,,,,,,,,,,,,,,,,,,,,,,,,,,,,,,,,,,,,,,,,,,,,,,,
81,Inverter,Unit,,MAX 125KTL3-X LV,MAX,ONGRID,10,,,46.50,73.50,1035.00,,,,,,49199.77,,,,,,,,,,INVERSOR FOTOVOLTAICO  MAX 125KTL3-X LV,,,,,,,6.0,Kg,,,,,,,,,,,,,,,,,,,,,,,,,,,,,,,,,,,,,,,,,,,,,,,,,,,,,,,,,,,,,,,,,,,,,,,,,,,,,,,,,,,,,,,,
82,Inverter,Unit,,MAX 185KTL3-X HV,MAX,ONGRID,9,,,46.50,74.00,1040.00,,,,,,54365.74,,,,,,,,,,INVERSOR FOTOVOLTAICO  MAX 185KTL3-X HV,,,,,,,6.0,Kg,,,,,,,,,,,,,,,,,,,,,,,,,,,,,,,,,,,,,,,,,,,,,,,,,,,,,,,,,,,,,,,,,,,,,,,,,,,,,,,,,,,,,,,,
83,Inverter,Unit,,MAX 216KTL3-X HV,MAX,ONGRID,9,,,46.50,74.00,1040.00,,,,,,60074.15,,,,,,,,,,INVERSOR FOTOVOLTAICO  MAX 216KTL3-X HV,,,,,,,6.0,Kg,,,,,,,,,,,,,,,,,,,,,,,,,,,,,,,,,,,,,,,,,,,,,,,,,,,,,,,,,,,,,,,,,,,,,,,,,,,,,,,,,,,,,,,,
84,Inverter,Unit,,MAX 250KTL3-X HV,MAX,ONGRID,9,,,46.50,74.00,1040.00,,,,,,66381.93,,,,,,,,,,INVERSOR FOTOVOLTAICO  MAX 250KTL3-X HV,,,,,,,6.0,Kg,,,,,,,,,,,,,,,,,,,,,,,,,,,,,,,,,,,,,,,,,,,,,,,,,,,,,,,,,,,,,,,,,,,,,,,,,,,,,,,,,,,,,,,,
85,Inverter,Unit,,MAX 253K TL3-X HV,MAX,ONGRID,9,,,46.50,74.00,1040.00,,,,,,73352.03,,,,,,,,,,INVERSOR FOTOVOLTAICO  MAX 253K TL3-X HV,,,,,,,6.0,Kg,,,,,,,,,,,,,,,,,,,,,,,,,,,,,,,,,,,,,,,,,,,,,,,,,,,,,,,,,,,,,,,,,,,,,,,,,,,,,,,,,,,,,,,,
86,Inverter,Unit,,MAX 185K TL3-X HV,MAX,ONGRID,12,,,46.50,74.00,1040.00,,,,,,57084.03,,,,,,,,,,INVERSOR FOTOVOLTAICO  MAX 185K TL3-X HV,,,,,,,6.0,Kg,,,,,,,,,,,,,,,,,,,,,,,,,,,,,,,,,,,,,,,,,,,,,,,,,,,,,,,,,,,,,,,,,,,,,,,,,,,,,,,,,,,,,,,,
87,Inverter,Unit,,MAX 216K TL3-X HV,MAX,ONGRID,12,,,46.50,74.00,1040.00,,,,,,63077.85,,,,,,,,,,INVERSOR FOTOVOLTAICO  MAX 216K TL3-X HV,,,,,,,6.0,Kg,,,,,,,,,,,,,,,,,,,,,,,,,,,,,,,,,,,,,,,,,,,,,,,,,,,,,,,,,,,,,,,,,,,,,,,,,,,,,,,,,,,,,,,,
88,Inverter,Unit,,MAX 250K TL3-X HV,MAX,ONGRID,12,,,46.50,74.00,1040.00,,,,,,69701.03,,,,,,,,,,INVERSOR FOTOVOLTAICO  MAX 250K TL3-X HV,,,,,,,6.0,Kg,,,,,,,,,,,,,,,,,,,,,,,,,,,,,,,,,,,,,,,,,,,,,,,,,,,,,,,,,,,,,,,,,,,,,,,,,,,,,,,,,,,,,,,,
89,Inverter,Unit,,MAX 253K TL3-X HV,MAX,ONGRID,12,,,46.50,74.00,1040.00,,,,,,77019.64,,,,,,,,,,INVERSOR FOTOVOLTAICO  MAX 253K TL3-X HV,,,,,,,6.0,Kg,,,,,,,,,,,,,,,,,,,,,,,,,,,,,,,,,,,,,,,,,,,,,,,,,,,,,,,,,,,,,,,,,,,,,,,,,,,,,,,,,,,,,,,,
9,Inverter,Unit,,MIN 2500TL-X,MIN,ONGRID,2,,,19.50,32.00,42.00,,,,,,4000.0,,,,,,,,,,INVERSOR FOTOVOLTAICO  MIN 2500TL-X,,,,,,,6.0,Kg,,,,,,,,,,,,,,,,,,,,,,,,,,,,,,,,,,,,,,,,,,,,,,,,,,,,,,,,,,,,,,,,,,,,,,,,,,,,,,,,,,,,,,,,
90,Inverter,Unit,,MAX 185K TL3-X HV,MAX,ONGRID,15,,,46.50,74.00,1040.00,,,,,,59938.23,,,,,,,,,,INVERSOR FOTOVOLTAICO  MAX 185K TL3-X HV,,,,,,,6.0,Kg,,,,,,,,,,,,,,,,,,,,,,,,,,,,,,,,,,,,,,,,,,,,,,,,,,,,,,,,,,,,,,,,,,,,,,,,,,,,,,,,,,,,,,,,
91,Inverter,Unit,,MAX 216K TL3-X HV,MAX,ONGRID,15,,,46.50,74.00,1040.00,,,,,,66231.75,,,,,,,,,,INVERSOR FOTOVOLTAICO  MAX 216K TL3-X HV,,,,,,,6.0,Kg,,,,,,,,,,,,,,,,,,,,,,,,,,,,,,,,,,,,,,,,,,,,,,,,,,,,,,,,,,,,,,,,,,,,,,,,,,,,,,,,,,,,,,,,
92,Inverter,Unit,,MAX 250K TL3-X HV,MAX,ONGRID,15,,,46.50,74.00,1040.00,,,,,,73186.08,,,,,,,,,,INVERSOR FOTOVOLTAICO  MAX 250K TL3-X HV,,,,,,,6.0,Kg,,,,,,,,,,,,,,,,,,,,,,,,,,,,,,,,,,,,,,,,,,,,,,,,,,,,,,,,,,,,,,,,,,,,,,,,,,,,,,,,,,,,,,,,
93,Inverter,Unit,,MAX 253K TL3-X HV,MAX,ONGRID,15,,,46.50,74.00,1040.00,,,,,,80870.62,,,,,,,,,,INVERSOR FOTOVOLTAICO  MAX 253K TL3-X HV,,,,,,,6.0,Kg,,,,,,,,,,,,,,,,,,,,,,,,,,,,,,,,,,,,,,,,,,,,,,,,,,,,,,,,,,,,,,,,,,,,,,,,,,,,,,,,,,,,,,,,
94,Inverter,Unit,,750-S,S,ONGRID,,,,25.50,43.50,49.50,,,,,,595.83,,,,,,,,,,INVERSOR FOTOVOLTAICO  750-S,,,,,,,6.0,Kg,,,,,,,,,,,,,,,,,,,,,,,,,,,,,,,,,,,,,,,,,,,,,,,,,,,,,,,,,,,,,,,,,,,,,,,,,,,,,,,,,,,,,,,,
95,Inverter,Unit,,1000-S,S,ONGRID,,,,25.50,43.50,49.50,,,,,,709.32,,,,,,,,,,INVERSOR FOTOVOLTAICO  1000-S,,,,,,,6.0,Kg,,,,,,,,,,,,,,,,,,,,,,,,,,,,,,,,,,,,,,,,,,,,,,,,,,,,,,,,,,,,,,,,,,,,,,,,,,,,,,,,,,,,,,,,
96,Inverter,Unit,,1500-S,S,ONGRID,,,,25.50,43.50,49.50,,,,,,844.43,,,,,,,,,,INVERSOR FOTOVOLTAICO  1500-S,,,,,,,6.0,Kg,,,,,,,,,,,,,,,,,,,,,,,,,,,,,,,,,,,,,,,,,,,,,,,,,,,,,,,,,,,,,,,,,,,,,,,,,,,,,,,,,,,,,,,,
97,Inverter,Unit,,2000-S,S,ONGRID,,,,25.50,43.50,49.50,,,,,,1005.28,,,,,,,,,,INVERSOR FOTOVOLTAICO  2000-S,,,,,,,6.0,Kg,,,,,,,,,,,,,,,,,,,,,,,,,,,,,,,,,,,,,,,,,,,,,,,,,,,,,,,,,,,,,,,,,,,,,,,,,,,,,,,,,,,,,,,,
98,Inverter,Unit,,2500-S,S,ONGRID,,,,25.50,43.50,49.50,,,,,,1196.76,,,,,,,,,,INVERSOR FOTOVOLTAICO  2500-S,,,,,,,6.0,Kg,,,,,,,,,,,,,,,,,,,,,,,,,,,,,,,,,,,,,,,,,,,,,,,,,,,,,,,,,,,,,,,,,,,,,,,,,,,,,,,,,,,,,,,,
99,Inverter,Unit,,3000-S,S,ONGRID,,,,25.50,43.50,49.50,,,,,,1424.72,,,,,,,,,,INVERSOR FOTOVOLTAICO  3000-S,,,,,,,6.0,Kg,,,,,,,,,,,,,,,,,,,,,,,,,,,,,,,,,,,,,,,,,,,,,,,,,,,,,,,,,,,,,,,,,,,,,,,,,,,,,,,,,,,,,,,,